ID;TYPE;ADDED_AT;REMOVED_AT;IS_ACTIVE;IS_PLATFORM_ONLINE
1;0;22-01-2020 01:32:58;02-04-2020 19:19:55;true;true
2;1;02-02-2020 18:40:00;15-04-2020 08:13:59;true;false
3;0;08-01-2020 23:41:07;26-04-2020 03:20:02;true;true
4;0;06-01-2020 01:38:25;13-04-2020 12:19:34;true;false
5;0;03-01-2020 13:13:32;02-04-2020 11:57:44;true;false
6;0;28-01-2020 06:00:10;14-04-2020 01:59:06;false;false
7;2;05-02-2020 22:21:27;30-04-2020 10:38:12;true;true
8;1;08-01-2020 03:04:50;17-04-2020 04:43:39;true;false
9;1;06-01-2020 06:24:00;22-04-2020 09:29:15;false;true
10;1;26-02-2020 12:18:07;19-04-2020 05:42:54;false;true
11;1;21-01-2020 17:07:14;30-04-2020 15:40:59;true;false
12;-1;10-02-2020 22:21:02;08-04-2020 16:20:34;true;false
13;-1;08-02-2020 17:16:46;12-04-2020 06:54:01;true;false
14;0;27-01-2020 21:53:18;02-04-2020 19:10:10;true;true
15;0;20-02-2020 17:04:04;13-04-2020 03:02:15;true;true
16;2;15-02-2020 00:37:36;15-04-2020 20:33:47;false;true
17;-1;23-02-2020 23:25:16;21-04-2020 09:53:58;true;false
18;2;28-02-2020 00:07:43;29-04-2020 08:18:23;true;true
19;1;04-02-2020 00:04:01;18-04-2020 17:54:50;false;true
20;0;02-01-2020 15:37:35;23-04-2020 15:57:21;true;false
21;-1;08-02-2020 20:56:22;11-04-2020 18:12:02;true;true
22;1;08-02-2020 20:57:43;10-04-2020 09:13:29;true;false
23;1;04-02-2020 02:09:27;23-04-2020 01:25:58;true;false
24;-1;08-02-2020 04:59:24;17-04-2020 20:49:19;true;true
25;2;12-02-2020 05:29:28;18-04-2020 03:26:05;false;true
26;0;11-02-2020 15:57:38;23-04-2020 18:12:45;false;true
27;0;31-01-2020 06:13:15;21-04-2020 07:04:03;true;false
28;0;21-02-2020 09:41:29;09-04-2020 10:02:33;false;true
29;0;14-02-2020 23:50:08;19-04-2020 19:45:23;true;false
30;0;01-02-2020 03:01:29;22-04-2020 13:02:16;true;false
31;2;21-01-2020 07:07:44;09-04-2020 13:09:07;false;true
32;2;11-02-2020 16:13:23;28-04-2020 09:10:58;false;true
33;2;27-02-2020 21:55:42;03-04-2020 19:44:40;true;false
34;2;09-01-2020 14:01:19;21-04-2020 21:56:43;true;false
35;2;04-02-2020 07:38:04;15-04-2020 02:16:18;true;true
36;1;05-01-2020 09:03:43;02-04-2020 07:07:43;true;true
37;1;26-01-2020 19:48:57;05-04-2020 11:33:45;false;true
38;2;14-01-2020 08:48:14;08-04-2020 13:38:41;false;false
39;-1;21-01-2020 14:11:23;19-04-2020 01:43:40;true;true
40;2;24-01-2020 10:24:03;30-04-2020 00:27:24;false;true
41;2;31-01-2020 02:11:56;13-04-2020 16:37:08;false;true
42;2;28-02-2020 10:54:26;22-04-2020 15:23:57;false;true
43;1;28-02-2020 00:27:03;13-04-2020 10:35:14;true;false
44;2;03-02-2020 11:00:24;04-04-2020 04:13:43;true;true
45;1;24-01-2020 12:35:54;23-04-2020 18:52:37;true;true
46;-1;03-01-2020 01:11:45;28-04-2020 23:01:14;false;true
47;2;05-02-2020 01:05:28;20-04-2020 15:02:51;false;true
48;0;12-02-2020 21:25:46;09-04-2020 23:35:36;false;false
49;2;27-02-2020 04:25:28;19-04-2020 14:11:10;true;true
50;-1;04-01-2020 19:32:53;09-04-2020 17:33:32;true;true
51;1;25-02-2020 09:15:27;10-04-2020 07:19:14;true;true
52;-1;01-03-2020 05:04:42;08-04-2020 20:00:31;true;true
53;2;12-01-2020 17:53:01;27-04-2020 06:31:33;false;true
54;2;23-02-2020 10:15:27;02-04-2020 18:04:40;true;true
55;2;10-01-2020 03:19:17;05-04-2020 19:39:24;true;true
56;-1;25-01-2020 09:01:26;03-04-2020 21:11:07;true;true
57;2;23-02-2020 12:40:12;28-04-2020 03:06:38;false;false
58;-1;02-02-2020 08:08:12;08-04-2020 19:37:22;true;true
59;2;08-01-2020 06:22:25;27-04-2020 03:32:15;false;false
60;2;02-02-2020 19:59:37;15-04-2020 03:22:58;true;true
61;0;01-02-2020 06:43:13;12-04-2020 13:48:23;false;true
62;0;09-02-2020 23:38:40;04-04-2020 05:56:13;false;true
63;2;19-01-2020 14:11:54;03-04-2020 19:22:14;true;true
64;1;20-02-2020 21:36:04;04-04-2020 18:17:17;false;false
65;-1;10-02-2020 18:07:11;10-04-2020 07:27:02;true;true
66;0;06-01-2020 08:34:39;28-04-2020 15:20:40;true;true
67;1;19-01-2020 15:56:44;25-04-2020 20:55:26;true;false
68;0;04-02-2020 04:38:20;26-04-2020 04:24:58;false;false
69;1;25-01-2020 14:47:56;28-04-2020 15:47:52;false;true
70;1;10-01-2020 22:02:05;14-04-2020 04:39:43;false;false
71;1;12-01-2020 13:03:16;28-04-2020 03:33:05;true;true
72;-1;24-01-2020 21:09:32;18-04-2020 02:59:12;true;true
73;1;17-01-2020 23:04:04;30-04-2020 03:32:52;false;true
74;-1;23-02-2020 19:34:39;01-05-2020 04:07:39;true;false
75;2;03-01-2020 14:50:09;23-04-2020 07:25:10;true;true
76;-1;29-01-2020 18:39:14;29-04-2020 08:54:10;false;false
77;0;26-01-2020 18:31:41;22-04-2020 20:07:55;false;false
78;-1;19-02-2020 03:11:54;15-04-2020 13:15:21;false;true
79;1;10-02-2020 23:27:53;01-04-2020 18:50:49;false;false
80;2;05-01-2020 11:33:24;14-04-2020 08:08:40;false;false
81;0;06-01-2020 19:45:02;25-04-2020 02:42:30;true;false
82;-1;13-02-2020 03:02:42;30-04-2020 01:30:30;true;false
83;-1;25-02-2020 09:19:42;12-04-2020 07:02:47;true;true
84;-1;11-02-2020 19:57:27;24-04-2020 17:51:24;true;true
85;1;19-02-2020 04:31:28;11-04-2020 01:51:52;true;true
86;-1;29-01-2020 13:51:16;14-04-2020 19:31:11;true;false
87;1;04-01-2020 03:35:49;04-04-2020 06:40:44;false;true
88;-1;06-01-2020 02:03:42;28-04-2020 05:49:21;false;false
89;2;05-01-2020 00:55:56;21-04-2020 04:33:27;false;false
90;2;14-01-2020 01:03:45;05-04-2020 12:43:44;false;false
91;2;03-02-2020 14:56:43;27-04-2020 16:35:35;false;false
92;-1;20-02-2020 14:59:25;26-04-2020 21:01:45;true;false
93;1;16-01-2020 09:43:18;03-04-2020 07:36:01;true;true
94;1;18-02-2020 11:54:54;21-04-2020 18:28:47;false;false
95;0;17-02-2020 15:08:53;01-05-2020 03:05:01;false;true
96;0;10-02-2020 14:07:41;07-04-2020 16:50:26;true;true
97;2;06-01-2020 06:29:26;21-04-2020 05:56:57;false;false
98;2;29-02-2020 02:16:50;08-04-2020 16:56:36;false;true
99;0;19-01-2020 01:36:34;10-04-2020 12:01:32;false;true
100;-1;23-02-2020 08:47:52;18-04-2020 22:23:06;true;false
101;-1;23-01-2020 21:10:50;22-04-2020 17:29:13;true;false
102;-1;26-01-2020 14:04:07;25-04-2020 10:32:27;true;false
103;0;16-01-2020 05:24:59;25-04-2020 05:33:55;true;false
104;0;19-01-2020 00:37:46;15-04-2020 21:25:52;false;true
105;-1;18-01-2020 15:16:43;23-04-2020 09:41:57;true;false
106;1;18-02-2020 12:27:29;25-04-2020 01:05:25;true;false
107;2;21-02-2020 06:24:53;03-04-2020 13:07:42;false;true
108;1;29-01-2020 14:24:53;27-04-2020 02:01:24;true;false
109;0;08-01-2020 18:02:33;22-04-2020 00:48:19;true;true
110;1;27-02-2020 03:52:57;11-04-2020 08:14:12;true;false
111;-1;25-01-2020 09:47:03;01-04-2020 17:23:25;false;true
112;1;12-02-2020 13:15:28;22-04-2020 23:10:02;false;true
113;0;06-01-2020 20:34:24;26-04-2020 22:42:57;false;false
114;-1;22-01-2020 02:46:25;22-04-2020 21:18:29;false;true
115;1;17-01-2020 15:45:01;10-04-2020 14:51:44;false;true
116;1;21-02-2020 19:09:52;02-04-2020 14:05:33;true;false
117;0;19-01-2020 04:48:21;16-04-2020 03:08:49;false;true
118;-1;15-01-2020 09:46:49;05-04-2020 20:02:08;true;false
119;2;15-01-2020 05:55:03;11-04-2020 07:35:45;true;true
120;0;12-01-2020 01:50:49;16-04-2020 02:53:48;true;false
121;-1;20-02-2020 13:29:25;29-04-2020 18:03:51;false;true
122;1;10-01-2020 14:08:19;10-04-2020 19:21:45;false;false
123;0;07-02-2020 00:18:46;25-04-2020 13:57:31;true;true
124;2;22-01-2020 02:36:11;17-04-2020 10:54:33;true;true
125;0;27-01-2020 04:57:36;30-04-2020 22:36:38;false;true
126;1;24-01-2020 12:50:37;23-04-2020 02:50:43;false;true
127;2;02-02-2020 05:03:06;10-04-2020 01:37:48;false;true
128;-1;24-01-2020 16:41:19;04-04-2020 18:06:31;false;false
129;-1;28-01-2020 09:49:03;28-04-2020 20:25:10;true;false
130;2;13-02-2020 02:58:04;07-04-2020 04:37:54;false;false
131;-1;05-01-2020 01:35:55;12-04-2020 19:07:57;true;true
132;0;26-02-2020 01:33:43;10-04-2020 08:02:13;true;true
133;2;04-01-2020 03:48:23;24-04-2020 11:23:50;true;false
134;-1;22-01-2020 12:22:06;14-04-2020 16:36:33;true;false
135;0;08-02-2020 12:27:05;16-04-2020 13:19:00;false;false
136;0;22-02-2020 18:27:51;24-04-2020 21:25:59;false;false
137;-1;20-01-2020 11:47:39;05-04-2020 08:42:01;false;true
138;0;28-02-2020 11:54:21;27-04-2020 08:50:47;false;true
139;2;04-02-2020 12:23:34;12-04-2020 23:57:22;false;false
140;-1;08-01-2020 06:46:28;07-04-2020 13:03:10;false;true
141;2;29-01-2020 22:35:03;05-04-2020 19:22:46;true;false
142;1;04-01-2020 19:46:45;15-04-2020 23:09:11;false;false
143;0;08-02-2020 16:17:54;20-04-2020 18:23:46;false;true
144;1;09-01-2020 07:52:39;05-04-2020 09:09:53;true;true
145;1;27-02-2020 15:44:06;19-04-2020 16:48:26;false;true
146;-1;22-01-2020 05:27:44;12-04-2020 17:28:05;true;false
147;-1;19-02-2020 02:14:08;21-04-2020 04:37:54;false;true
148;-1;02-01-2020 20:31:23;11-04-2020 05:50:44;false;false
149;2;08-01-2020 01:21:51;08-04-2020 13:07:54;false;true
150;1;27-01-2020 07:17:56;16-04-2020 14:06:21;true;true
151;0;29-01-2020 18:38:25;16-04-2020 08:59:04;false;false
152;2;29-02-2020 16:51:19;30-04-2020 20:44:33;false;false
153;2;19-02-2020 06:05:50;08-04-2020 15:41:49;true;false
154;1;17-02-2020 01:36:02;25-04-2020 13:04:29;false;true
155;2;28-01-2020 13:56:35;06-04-2020 11:18:46;false;false
156;0;12-01-2020 09:57:10;27-04-2020 06:29:14;true;true
157;0;05-01-2020 05:20:15;16-04-2020 18:22:25;true;false
158;2;01-02-2020 03:19:02;18-04-2020 19:01:55;true;true
159;0;05-01-2020 12:48:02;16-04-2020 09:23:18;false;false
160;2;07-02-2020 04:08:44;14-04-2020 17:20:55;true;false
161;1;15-02-2020 13:18:47;18-04-2020 08:53:58;false;false
162;-1;08-02-2020 16:23:25;22-04-2020 12:49:37;false;false
163;2;20-01-2020 19:27:13;11-04-2020 04:51:37;false;true
164;2;01-03-2020 01:02:33;29-04-2020 05:32:50;true;false
165;2;09-02-2020 16:03:03;10-04-2020 16:22:34;true;true
166;1;11-02-2020 21:56:19;07-04-2020 17:13:23;true;false
167;-1;19-01-2020 17:23:40;12-04-2020 22:45:49;true;true
168;0;16-01-2020 05:41:48;29-04-2020 05:46:37;false;false
169;-1;07-02-2020 18:54:00;07-04-2020 12:07:58;false;false
170;-1;13-01-2020 08:14:15;02-04-2020 23:21:34;false;false
171;-1;17-02-2020 16:56:53;29-04-2020 07:55:51;false;false
172;-1;03-02-2020 01:49:32;10-04-2020 00:42:33;false;false
173;2;05-01-2020 13:53:30;18-04-2020 11:14:46;true;true
174;0;22-02-2020 20:49:07;08-04-2020 14:42:45;true;true
175;-1;10-01-2020 03:47:15;11-04-2020 10:31:37;true;true
176;1;24-01-2020 05:31:58;02-04-2020 00:06:41;false;false
177;0;28-01-2020 04:32:09;10-04-2020 01:33:28;false;true
178;0;31-01-2020 00:15:29;24-04-2020 22:12:39;true;false
179;0;18-01-2020 12:12:25;27-04-2020 05:27:14;false;true
180;2;20-01-2020 12:05:45;18-04-2020 00:41:32;true;true
181;1;18-02-2020 05:50:56;01-04-2020 17:34:26;false;false
182;-1;19-02-2020 01:19:47;12-04-2020 05:19:50;true;true
183;2;22-02-2020 03:50:43;04-04-2020 21:16:55;true;true
184;-1;20-02-2020 10:36:42;30-04-2020 07:58:40;false;false
185;-1;15-01-2020 12:55:41;13-04-2020 09:53:20;true;true
186;2;24-02-2020 07:06:34;15-04-2020 10:28:42;true;false
187;0;28-01-2020 19:09:20;08-04-2020 04:29:43;false;false
188;0;20-01-2020 00:40:09;20-04-2020 06:42:55;false;false
189;2;21-02-2020 14:53:36;02-04-2020 06:28:50;false;true
190;1;22-01-2020 02:51:35;26-04-2020 11:27:58;true;true
191;0;04-01-2020 16:28:41;18-04-2020 18:43:39;true;true
192;2;11-02-2020 22:34:09;25-04-2020 09:20:40;true;false
193;2;27-01-2020 03:39:12;26-04-2020 20:20:01;true;true
194;-1;19-01-2020 12:20:09;02-04-2020 00:43:43;true;false
195;2;29-02-2020 11:07:07;16-04-2020 00:17:25;true;false
196;0;04-01-2020 07:25:39;19-04-2020 03:23:19;false;true
197;1;15-01-2020 16:02:35;15-04-2020 00:32:41;true;false
198;0;12-02-2020 20:37:31;01-05-2020 04:25:42;false;false
199;1;08-01-2020 14:07:40;03-04-2020 05:33:20;false;false
200;0;07-01-2020 03:04:53;06-04-2020 22:55:46;false;false
201;1;14-01-2020 02:21:50;30-04-2020 16:34:17;true;true
202;1;05-02-2020 21:00:09;21-04-2020 01:11:43;false;true
203;1;01-03-2020 08:11:14;10-04-2020 20:25:39;false;true
204;0;01-01-2020 15:42:05;06-04-2020 04:27:13;false;false
205;1;21-01-2020 13:25:23;27-04-2020 12:16:14;false;false
206;0;29-01-2020 14:56:30;23-04-2020 12:55:02;true;false
207;2;30-01-2020 15:31:46;03-04-2020 19:38:16;true;false
208;0;01-02-2020 05:49:32;02-04-2020 05:47:23;true;false
209;-1;15-01-2020 14:33:28;14-04-2020 04:05:42;false;true
210;1;07-01-2020 23:52:17;17-04-2020 21:58:05;false;false
211;2;28-02-2020 01:57:31;09-04-2020 04:43:42;false;true
212;2;17-02-2020 17:33:12;05-04-2020 09:57:14;true;true
213;0;11-01-2020 17:57:54;28-04-2020 22:39:03;false;true
214;1;16-01-2020 15:07:36;03-04-2020 07:12:38;false;true
215;2;19-02-2020 21:38:39;24-04-2020 19:53:42;false;true
216;-1;07-02-2020 03:31:16;20-04-2020 19:11:21;false;true
217;-1;16-01-2020 14:25:19;08-04-2020 20:35:33;true;false
218;1;24-02-2020 01:51:34;07-04-2020 04:07:29;false;true
219;2;06-01-2020 00:43:56;25-04-2020 06:24:02;false;true
220;2;07-02-2020 01:01:48;14-04-2020 07:13:05;true;false
221;0;25-01-2020 00:49:43;17-04-2020 12:40:30;false;true
222;1;19-02-2020 06:43:58;07-04-2020 23:31:21;true;true
223;1;11-01-2020 09:51:04;26-04-2020 17:45:09;false;true
224;2;18-01-2020 19:06:51;28-04-2020 00:50:34;false;true
225;2;09-01-2020 19:56:36;15-04-2020 13:35:23;false;false
226;0;12-01-2020 15:37:34;21-04-2020 12:15:28;true;true
227;0;28-01-2020 18:43:24;16-04-2020 00:41:15;true;true
228;1;20-01-2020 14:41:10;09-04-2020 01:11:53;true;false
229;-1;08-01-2020 22:26:07;17-04-2020 18:39:13;false;true
230;0;02-02-2020 09:46:36;21-04-2020 01:15:52;true;false
231;0;19-01-2020 12:50:13;11-04-2020 00:54:07;false;false
232;1;15-01-2020 16:46:12;18-04-2020 23:32:31;true;false
233;2;31-01-2020 19:03:16;05-04-2020 14:08:04;false;false
234;2;04-01-2020 21:31:51;13-04-2020 17:13:34;true;false
235;1;12-02-2020 09:03:05;06-04-2020 19:16:52;true;false
236;1;19-02-2020 00:43:29;28-04-2020 19:54:41;false;true
237;2;09-01-2020 22:29:19;28-04-2020 06:25:44;false;true
238;2;03-02-2020 13:07:36;09-04-2020 22:22:56;false;true
239;0;25-02-2020 00:34:44;12-04-2020 20:56:07;false;false
240;-1;20-02-2020 15:27:34;08-04-2020 21:26:38;true;true
241;0;29-01-2020 09:46:26;07-04-2020 17:53:59;true;false
242;2;15-02-2020 11:37:23;05-04-2020 19:43:46;false;false
243;0;11-01-2020 23:23:20;29-04-2020 20:06:03;true;true
244;1;12-02-2020 19:05:33;30-04-2020 08:15:21;false;true
245;2;20-01-2020 17:08:33;18-04-2020 19:11:16;false;false
246;0;25-02-2020 00:18:07;30-04-2020 11:29:10;true;false
247;0;23-02-2020 21:12:52;11-04-2020 23:44:09;true;false
248;1;09-01-2020 03:19:07;12-04-2020 07:53:22;false;false
249;-1;04-02-2020 13:53:51;25-04-2020 09:12:15;false;false
250;0;17-02-2020 11:56:56;14-04-2020 06:27:48;false;false
251;0;14-02-2020 18:11:09;15-04-2020 17:59:39;true;false
252;2;29-02-2020 18:57:54;05-04-2020 10:46:42;true;false
253;-1;01-02-2020 06:20:45;07-04-2020 04:38:26;true;false
254;2;03-01-2020 12:52:36;23-04-2020 10:14:39;true;true
255;-1;05-02-2020 19:25:05;02-04-2020 08:55:22;true;false
256;2;29-02-2020 05:39:21;06-04-2020 03:00:51;false;false
257;0;09-02-2020 19:19:49;02-04-2020 12:58:43;false;false
258;1;05-02-2020 11:48:42;08-04-2020 18:36:03;true;false
259;0;27-01-2020 19:18:43;11-04-2020 07:21:43;false;true
260;1;17-02-2020 14:25:43;28-04-2020 11:56:25;false;true
261;1;04-02-2020 08:53:40;19-04-2020 03:56:37;false;false
262;-1;20-02-2020 02:46:20;30-04-2020 14:19:21;true;true
263;1;29-01-2020 22:21:09;07-04-2020 21:20:22;false;true
264;2;15-01-2020 04:18:45;21-04-2020 23:38:21;true;false
265;0;18-01-2020 11:44:40;11-04-2020 20:25:21;false;false
266;2;12-01-2020 06:41:18;16-04-2020 08:03:12;false;false
267;2;15-02-2020 04:51:17;20-04-2020 08:29:02;true;false
268;2;06-01-2020 03:29:07;24-04-2020 03:21:05;true;true
269;1;04-01-2020 13:26:59;03-04-2020 01:24:12;false;true
270;1;20-02-2020 07:26:21;06-04-2020 11:39:41;false;false
271;1;04-02-2020 15:03:06;26-04-2020 00:05:48;false;false
272;-1;11-02-2020 22:21:39;02-04-2020 11:24:07;true;false
273;1;09-02-2020 01:55:48;22-04-2020 08:55:08;true;true
274;2;24-01-2020 07:06:16;20-04-2020 03:02:36;true;false
275;0;09-01-2020 13:00:22;27-04-2020 17:09:14;true;false
276;2;01-03-2020 12:14:48;29-04-2020 15:41:29;false;false
277;1;22-02-2020 22:58:44;14-04-2020 17:55:00;true;false
278;0;27-02-2020 16:04:32;04-04-2020 21:31:58;true;false
279;0;06-01-2020 07:08:47;18-04-2020 00:39:26;true;true
280;-1;25-01-2020 23:56:00;06-04-2020 22:08:57;true;false
281;1;10-01-2020 19:20:45;12-04-2020 12:08:03;false;true
282;2;24-01-2020 16:59:32;25-04-2020 13:09:42;false;true
283;1;01-02-2020 06:33:09;12-04-2020 19:07:26;true;true
284;2;04-02-2020 08:43:38;14-04-2020 08:50:27;true;true
285;0;25-02-2020 01:35:08;17-04-2020 04:03:17;false;false
286;-1;28-02-2020 02:58:21;27-04-2020 17:57:52;false;true
287;2;20-01-2020 23:19:15;03-04-2020 08:48:29;true;false
288;1;16-02-2020 04:54:00;18-04-2020 04:45:58;true;false
289;2;03-02-2020 12:09:18;14-04-2020 20:11:08;true;false
290;1;11-01-2020 13:58:27;15-04-2020 17:08:43;true;true
291;0;18-02-2020 11:55:42;02-04-2020 16:24:16;false;true
292;-1;03-01-2020 02:13:39;29-04-2020 22:30:50;true;false
293;1;23-01-2020 03:53:30;24-04-2020 11:56:14;true;true
294;1;12-01-2020 03:56:22;25-04-2020 01:18:00;true;true
295;-1;27-01-2020 19:33:30;20-04-2020 04:36:13;true;true
296;-1;23-02-2020 07:02:57;25-04-2020 11:48:18;false;true
297;-1;24-01-2020 14:31:38;21-04-2020 06:48:05;true;false
298;1;03-02-2020 06:16:05;01-04-2020 19:00:30;false;true
299;-1;24-01-2020 08:47:08;07-04-2020 21:58:02;false;false
300;2;03-02-2020 09:22:11;02-04-2020 01:46:27;true;true
301;-1;19-01-2020 02:19:44;12-04-2020 19:48:41;true;false
302;-1;17-02-2020 23:05:55;09-04-2020 13:36:32;false;true
303;1;23-01-2020 15:02:07;25-04-2020 10:30:30;true;true
304;1;01-03-2020 11:47:23;09-04-2020 18:34:42;false;false
305;1;08-01-2020 16:01:09;13-04-2020 11:58:34;false;true
306;0;07-01-2020 14:20:12;26-04-2020 05:13:07;true;false
307;0;06-01-2020 20:49:46;19-04-2020 02:11:06;true;false
308;0;06-02-2020 02:39:28;24-04-2020 00:30:51;true;true
309;2;12-01-2020 02:16:43;10-04-2020 21:21:38;true;false
310;2;10-01-2020 18:57:50;22-04-2020 07:15:06;false;true
311;-1;27-02-2020 17:09:01;17-04-2020 18:46:01;true;false
312;1;28-02-2020 07:37:13;12-04-2020 05:27:04;true;true
313;0;10-01-2020 23:57:32;10-04-2020 04:02:21;false;true
314;0;12-02-2020 22:12:49;02-04-2020 07:20:47;false;true
315;2;12-02-2020 04:56:46;06-04-2020 13:38:12;true;true
316;1;30-01-2020 16:56:27;14-04-2020 21:11:26;false;false
317;2;26-02-2020 12:29:26;19-04-2020 10:54:12;false;true
318;1;18-02-2020 20:47:23;18-04-2020 19:06:26;false;false
319;2;06-02-2020 19:02:30;29-04-2020 01:33:12;false;true
320;-1;15-01-2020 23:56:16;26-04-2020 18:47:20;true;false
321;1;16-01-2020 11:46:43;30-04-2020 01:36:35;false;false
322;1;11-01-2020 16:02:57;30-04-2020 04:21:03;true;true
323;-1;26-01-2020 15:51:01;15-04-2020 22:07:42;false;true
324;2;24-02-2020 11:25:39;28-04-2020 07:41:01;false;true
325;1;16-01-2020 17:01:21;05-04-2020 04:12:43;true;true
326;0;19-02-2020 01:18:33;29-04-2020 07:53:44;false;false
327;-1;15-01-2020 07:16:58;14-04-2020 06:31:15;true;true
328;1;25-01-2020 12:26:35;09-04-2020 08:04:18;false;false
329;-1;09-02-2020 05:32:54;14-04-2020 05:10:42;true;false
330;2;04-02-2020 10:47:28;12-04-2020 22:57:20;true;false
331;0;26-01-2020 07:21:14;07-04-2020 22:59:21;false;false
332;1;27-02-2020 12:29:44;07-04-2020 01:25:04;false;true
333;1;10-01-2020 04:00:50;12-04-2020 13:01:23;true;true
334;2;09-02-2020 03:04:31;04-04-2020 17:01:51;true;true
335;2;21-01-2020 18:05:54;25-04-2020 11:46:07;true;true
336;-1;22-02-2020 00:22:14;03-04-2020 16:16:16;true;false
337;2;16-01-2020 19:07:40;30-04-2020 08:18:00;false;true
338;0;12-01-2020 04:15:16;02-04-2020 16:19:19;false;true
339;-1;03-02-2020 01:16:49;04-04-2020 01:03:25;false;true
340;1;10-02-2020 14:43:55;27-04-2020 20:28:20;true;true
341;-1;02-02-2020 18:24:23;24-04-2020 18:16:01;false;true
342;2;25-01-2020 10:17:04;13-04-2020 19:47:55;false;true
343;2;19-01-2020 20:25:21;09-04-2020 14:39:17;true;false
344;0;18-02-2020 07:55:10;13-04-2020 14:11:49;true;true
345;2;17-02-2020 11:28:57;11-04-2020 20:02:25;true;true
346;0;06-02-2020 10:47:14;11-04-2020 09:39:35;true;true
347;0;20-01-2020 09:07:18;06-04-2020 10:04:46;false;false
348;2;03-01-2020 02:49:54;19-04-2020 11:06:35;false;true
349;2;19-02-2020 13:21:26;16-04-2020 02:00:56;false;true
350;-1;26-02-2020 15:40:29;11-04-2020 09:30:54;false;true
351;2;22-02-2020 16:58:48;23-04-2020 22:50:35;true;false
352;0;04-01-2020 11:31:06;09-04-2020 05:31:23;true;true
353;2;26-01-2020 01:51:53;04-04-2020 04:00:19;true;false
354;2;23-01-2020 15:13:35;05-04-2020 05:13:07;false;false
355;-1;01-01-2020 14:03:53;03-04-2020 04:13:59;false;true
356;0;12-01-2020 18:27:41;24-04-2020 19:40:04;true;true
357;1;28-02-2020 16:19:40;19-04-2020 23:31:17;true;false
358;1;01-02-2020 02:11:50;29-04-2020 14:07:31;false;false
359;0;30-01-2020 13:38:52;06-04-2020 20:44:46;false;false
360;-1;29-02-2020 12:49:58;22-04-2020 22:31:02;true;true
361;1;09-01-2020 17:10:23;28-04-2020 07:21:24;true;true
362;0;23-02-2020 09:51:18;01-05-2020 04:47:47;false;true
363;2;10-02-2020 20:19:21;03-04-2020 23:53:09;true;true
364;1;02-02-2020 19:10:31;08-04-2020 03:26:22;true;true
365;-1;14-01-2020 15:30:48;06-04-2020 13:21:40;true;false
366;2;25-02-2020 18:00:46;22-04-2020 12:39:09;true;false
367;1;01-02-2020 04:26:17;11-04-2020 10:27:06;true;true
368;0;06-01-2020 09:06:36;17-04-2020 14:03:19;true;true
369;1;29-01-2020 05:56:22;25-04-2020 06:21:44;false;false
370;-1;28-01-2020 18:13:28;21-04-2020 13:12:38;false;true
371;1;23-01-2020 07:57:32;21-04-2020 08:24:16;false;true
372;2;05-02-2020 11:19:07;06-04-2020 02:35:04;true;false
373;-1;15-01-2020 23:33:24;11-04-2020 09:47:25;true;true
374;-1;13-01-2020 20:02:40;09-04-2020 07:12:01;true;false
375;2;10-01-2020 14:57:16;19-04-2020 14:28:10;false;true
376;0;02-01-2020 10:57:54;25-04-2020 10:45:52;false;true
377;-1;15-02-2020 15:26:33;27-04-2020 18:16:26;true;true
378;2;24-02-2020 18:24:32;26-04-2020 13:51:25;false;true
379;1;07-02-2020 12:33:01;13-04-2020 16:16:31;false;true
380;0;16-01-2020 15:35:14;28-04-2020 21:36:16;true;true
381;2;18-02-2020 13:13:09;29-04-2020 04:32:08;true;false
382;0;20-01-2020 18:39:41;07-04-2020 03:13:07;false;true
383;-1;24-01-2020 21:44:18;01-05-2020 09:57:18;false;true
384;1;03-02-2020 11:37:30;04-04-2020 11:21:22;false;false
385;0;04-01-2020 08:03:23;03-04-2020 18:21:32;false;false
386;2;22-01-2020 19:13:34;26-04-2020 20:03:35;false;false
387;1;10-02-2020 09:54:27;29-04-2020 18:10:43;false;true
388;1;13-01-2020 14:01:21;16-04-2020 20:33:49;false;true
389;0;05-01-2020 20:22:10;07-04-2020 22:31:04;false;false
390;-1;12-01-2020 00:57:06;20-04-2020 21:26:27;false;true
391;2;06-02-2020 18:06:11;26-04-2020 23:17:09;false;true
392;0;31-01-2020 02:04:20;15-04-2020 13:33:22;true;false
393;2;01-01-2020 18:00:11;25-04-2020 21:33:18;true;false
394;2;27-01-2020 17:07:59;15-04-2020 00:23:38;false;false
395;-1;20-02-2020 22:41:45;30-04-2020 05:24:29;true;false
396;0;19-01-2020 21:28:36;19-04-2020 22:30:04;false;false
397;1;25-01-2020 04:11:32;10-04-2020 17:41:24;false;true
398;1;08-02-2020 19:42:13;11-04-2020 23:10:56;false;false
399;-1;10-01-2020 05:23:54;15-04-2020 09:19:26;false;true
400;0;04-02-2020 13:49:37;14-04-2020 23:43:30;true;true
401;-1;11-02-2020 00:15:54;13-04-2020 06:27:30;true;false
402;1;28-02-2020 13:18:50;16-04-2020 01:28:41;false;true
403;2;12-01-2020 16:00:00;17-04-2020 07:26:12;false;false
404;2;17-01-2020 17:55:26;24-04-2020 05:53:04;false;false
405;0;15-01-2020 15:25:39;01-04-2020 13:59:59;false;false
406;1;15-01-2020 17:44:02;17-04-2020 12:36:20;true;true
407;-1;12-01-2020 08:05:38;08-04-2020 22:11:45;true;false
408;0;20-01-2020 02:49:59;30-04-2020 22:46:00;true;false
409;2;16-02-2020 19:55:45;24-04-2020 07:50:41;false;true
410;1;21-01-2020 07:47:16;08-04-2020 22:00:55;true;false
411;1;08-02-2020 09:01:24;10-04-2020 19:44:25;true;true
412;2;12-02-2020 12:22:43;27-04-2020 16:59:29;true;true
413;1;11-01-2020 13:07:21;27-04-2020 21:04:29;true;true
414;0;15-01-2020 02:14:09;24-04-2020 15:26:29;false;true
415;-1;15-01-2020 12:42:01;27-04-2020 15:59:33;false;false
416;1;25-02-2020 05:53:53;25-04-2020 18:57:33;true;false
417;1;03-02-2020 17:22:09;06-04-2020 20:10:50;false;true
418;0;18-02-2020 19:02:14;01-05-2020 03:11:06;true;true
419;2;20-02-2020 15:02:05;08-04-2020 11:22:36;false;true
420;-1;10-01-2020 22:26:43;02-04-2020 12:30:42;true;true
421;2;03-02-2020 04:17:18;02-04-2020 11:54:15;true;true
422;0;20-02-2020 14:47:11;20-04-2020 18:29:59;true;false
423;0;01-02-2020 20:00:25;27-04-2020 06:52:52;false;false
424;-1;21-01-2020 07:09:21;12-04-2020 19:57:02;false;false
425;1;28-01-2020 03:02:14;03-04-2020 09:26:36;false;false
426;1;13-02-2020 21:27:22;07-04-2020 05:37:12;false;false
427;0;09-01-2020 16:49:27;26-04-2020 03:47:18;true;true
428;2;27-01-2020 00:17:57;06-04-2020 15:03:22;false;false
429;2;06-02-2020 02:35:53;07-04-2020 10:58:28;true;false
430;-1;02-02-2020 08:59:27;02-04-2020 01:54:18;true;false
431;0;24-02-2020 16:56:11;11-04-2020 16:26:58;true;true
432;1;18-01-2020 01:59:24;27-04-2020 01:43:47;true;false
433;1;21-01-2020 16:09:42;09-04-2020 00:05:20;false;true
434;1;06-01-2020 23:33:22;18-04-2020 23:31:45;true;true
435;-1;01-03-2020 09:33:58;21-04-2020 09:53:04;true;true
436;-1;02-01-2020 02:01:39;06-04-2020 08:44:08;false;true
437;0;29-01-2020 11:00:05;10-04-2020 16:06:36;true;true
438;2;18-01-2020 06:33:52;04-04-2020 17:13:58;true;false
439;2;31-01-2020 18:42:23;09-04-2020 23:07:13;false;false
440;-1;11-01-2020 13:28:42;20-04-2020 17:04:52;true;true
441;2;06-01-2020 09:47:46;28-04-2020 09:06:03;true;true
442;2;04-01-2020 02:35:38;09-04-2020 19:28:41;true;false
443;-1;05-01-2020 03:54:26;07-04-2020 12:35:46;false;true
444;-1;18-02-2020 17:51:23;30-04-2020 15:25:24;false;false
445;-1;16-01-2020 18:13:14;21-04-2020 12:11:20;true;false
446;0;08-01-2020 11:48:38;30-04-2020 17:52:10;false;true
447;0;07-01-2020 18:32:26;12-04-2020 17:14:18;false;false
448;-1;18-02-2020 02:01:08;06-04-2020 02:02:21;false;false
449;1;10-01-2020 00:30:24;13-04-2020 10:56:29;false;false
450;1;10-01-2020 11:50:46;03-04-2020 07:32:17;false;false
451;2;10-01-2020 07:36:36;18-04-2020 18:18:12;false;true
452;1;13-01-2020 20:04:51;28-04-2020 11:42:42;true;false
453;2;18-02-2020 17:32:17;23-04-2020 12:50:50;true;false
454;0;01-02-2020 21:58:36;24-04-2020 10:24:31;true;true
455;0;20-01-2020 11:08:25;16-04-2020 02:02:51;false;false
456;1;13-02-2020 16:15:38;15-04-2020 01:40:04;true;true
457;2;21-01-2020 11:59:43;22-04-2020 23:47:45;true;true
458;0;15-01-2020 06:55:47;15-04-2020 07:41:05;true;true
459;-1;02-02-2020 18:29:11;07-04-2020 00:20:00;false;true
460;-1;07-02-2020 01:26:24;08-04-2020 15:43:00;true;true
461;2;26-02-2020 15:56:01;08-04-2020 07:40:07;false;true
462;2;27-02-2020 04:14:25;28-04-2020 06:59:13;true;false
463;-1;21-01-2020 22:31:41;17-04-2020 18:14:42;true;false
464;2;20-01-2020 17:28:55;16-04-2020 00:11:34;false;false
465;1;27-02-2020 04:26:15;07-04-2020 18:03:55;false;false
466;1;19-02-2020 22:58:00;07-04-2020 04:13:44;true;true
467;0;18-01-2020 12:39:07;03-04-2020 05:17:37;false;false
468;-1;06-01-2020 06:20:22;05-04-2020 00:20:36;true;true
469;1;25-02-2020 12:57:43;07-04-2020 16:48:54;true;false
470;-1;13-01-2020 10:52:26;04-04-2020 00:30:13;true;true
471;0;04-01-2020 05:29:06;02-04-2020 23:16:05;false;true
472;2;02-01-2020 21:29:02;18-04-2020 01:11:55;true;false
473;-1;05-02-2020 07:15:58;09-04-2020 03:54:23;true;false
474;0;22-02-2020 19:59:38;24-04-2020 22:22:58;true;true
475;0;29-01-2020 20:37:15;12-04-2020 01:18:23;true;true
476;0;02-01-2020 09:24:32;03-04-2020 03:47:14;true;true
477;2;31-01-2020 22:31:07;12-04-2020 12:34:58;true;true
478;0;15-02-2020 05:20:42;03-04-2020 10:51:07;true;true
479;-1;06-01-2020 22:28:20;20-04-2020 00:05:11;true;false
480;-1;13-01-2020 08:45:07;11-04-2020 06:35:23;false;false
481;2;22-01-2020 08:55:59;03-04-2020 05:15:03;true;true
482;2;08-01-2020 00:36:16;22-04-2020 07:35:46;true;true
483;0;11-02-2020 21:27:47;18-04-2020 17:39:16;false;true
484;-1;28-01-2020 14:08:15;13-04-2020 00:49:10;true;false
485;2;04-02-2020 11:06:48;16-04-2020 03:25:56;true;true
486;-1;23-01-2020 02:17:20;29-04-2020 16:44:44;false;false
487;-1;05-02-2020 11:45:25;03-04-2020 04:44:43;false;false
488;2;18-01-2020 02:57:12;05-04-2020 19:35:30;true;false
489;2;03-01-2020 13:27:44;19-04-2020 17:28:55;false;false
490;2;05-01-2020 11:05:36;13-04-2020 06:42:32;true;false
491;-1;24-01-2020 09:11:58;16-04-2020 21:38:15;true;true
492;1;23-01-2020 18:14:06;29-04-2020 16:09:45;true;true
493;1;15-02-2020 18:33:45;21-04-2020 13:29:27;false;false
494;-1;27-01-2020 06:46:51;12-04-2020 05:07:16;false;false
495;1;30-01-2020 20:42:48;02-04-2020 21:30:12;false;true
496;-1;16-02-2020 16:37:38;05-04-2020 06:58:32;true;false
497;2;21-01-2020 03:49:55;24-04-2020 23:17:21;false;true
498;0;08-01-2020 01:18:00;05-04-2020 16:49:15;true;false
499;2;11-02-2020 17:42:55;25-04-2020 15:26:02;true;false
500;2;01-03-2020 11:40:27;16-04-2020 22:50:59;true;true
501;0;10-02-2020 19:52:44;04-04-2020 21:08:11;true;true
502;-1;07-01-2020 02:44:54;17-04-2020 21:08:31;false;true
503;0;15-02-2020 09:27:37;02-04-2020 17:41:30;true;false
504;0;26-02-2020 16:44:08;24-04-2020 12:25:16;true;false
505;2;22-02-2020 20:36:51;05-04-2020 15:05:31;false;false
506;-1;22-02-2020 21:10:53;11-04-2020 02:05:06;false;true
507;0;04-01-2020 19:27:52;01-04-2020 19:16:05;false;true
508;-1;22-01-2020 18:14:28;21-04-2020 15:35:13;false;true
509;2;29-02-2020 14:48:27;08-04-2020 10:49:42;true;false
510;1;14-02-2020 21:49:57;15-04-2020 05:52:58;true;true
511;-1;21-01-2020 22:45:25;09-04-2020 05:29:40;true;true
512;-1;28-02-2020 18:50:50;16-04-2020 11:47:30;true;true
513;2;20-02-2020 03:10:21;13-04-2020 03:29:53;false;true
514;0;12-01-2020 05:30:56;09-04-2020 09:12:10;true;false
515;-1;20-01-2020 13:40:08;28-04-2020 23:23:47;true;false
516;2;01-03-2020 10:36:32;28-04-2020 22:50:14;false;false
517;0;07-01-2020 07:47:55;19-04-2020 01:16:32;true;false
518;1;10-01-2020 17:21:27;12-04-2020 07:35:58;true;false
519;2;14-02-2020 20:56:26;14-04-2020 02:40:36;false;false
520;-1;11-02-2020 22:24:39;13-04-2020 22:27:24;true;true
521;0;01-01-2020 19:01:55;15-04-2020 04:25:01;true;false
522;2;19-01-2020 12:13:13;04-04-2020 17:28:36;false;false
523;0;30-01-2020 03:02:11;05-04-2020 13:31:42;true;false
524;1;18-01-2020 21:04:51;13-04-2020 23:40:22;true;false
525;2;16-01-2020 12:10:47;25-04-2020 11:10:44;true;false
526;2;19-02-2020 10:45:42;07-04-2020 23:15:34;false;true
527;-1;22-01-2020 07:37:08;13-04-2020 15:53:56;true;false
528;1;22-01-2020 08:29:57;02-04-2020 01:08:23;true;true
529;0;04-01-2020 16:23:12;25-04-2020 16:09:27;true;false
530;0;07-01-2020 19:50:19;14-04-2020 13:01:29;true;false
531;1;17-02-2020 01:52:56;12-04-2020 14:39:04;true;true
532;0;22-01-2020 00:49:30;02-04-2020 17:50:15;true;true
533;2;25-01-2020 03:49:13;22-04-2020 06:04:48;false;false
534;0;03-02-2020 04:39:03;03-04-2020 21:43:10;false;true
535;-1;05-02-2020 17:58:34;12-04-2020 11:14:16;false;false
536;2;09-01-2020 03:49:33;01-04-2020 23:47:39;true;false
537;1;15-02-2020 01:37:55;17-04-2020 11:50:59;false;false
538;2;29-02-2020 21:34:36;17-04-2020 11:28:11;true;true
539;1;07-02-2020 16:27:25;08-04-2020 17:03:08;false;false
540;0;18-02-2020 16:24:03;11-04-2020 03:17:06;false;false
541;1;14-02-2020 08:50:36;09-04-2020 11:40:58;true;false
542;0;26-01-2020 12:13:50;29-04-2020 22:35:42;false;true
543;2;06-02-2020 11:46:39;25-04-2020 05:01:51;true;true
544;2;07-02-2020 04:01:20;16-04-2020 17:23:23;false;true
545;1;28-02-2020 16:07:16;24-04-2020 04:34:50;true;false
546;0;30-01-2020 12:00:11;28-04-2020 15:02:59;true;true
547;-1;12-01-2020 05:48:20;14-04-2020 11:18:59;false;true
548;0;04-02-2020 05:22:28;04-04-2020 08:18:15;true;true
549;1;29-02-2020 05:03:08;09-04-2020 09:41:50;false;false
550;2;14-02-2020 01:40:33;18-04-2020 05:55:21;true;true
551;0;05-01-2020 01:42:55;03-04-2020 08:44:24;false;false
552;2;04-01-2020 22:46:27;02-04-2020 15:32:29;false;false
553;-1;04-01-2020 08:26:08;08-04-2020 08:18:13;false;true
554;1;20-02-2020 19:07:59;13-04-2020 14:45:25;false;true
555;-1;18-01-2020 03:15:00;12-04-2020 11:20:39;true;false
556;1;19-01-2020 12:05:59;01-05-2020 09:39:24;false;true
557;0;11-01-2020 12:08:21;26-04-2020 01:26:23;false;false
558;2;24-01-2020 06:34:16;21-04-2020 19:57:22;true;false
559;1;18-01-2020 12:44:35;30-04-2020 05:25:41;true;false
560;1;12-01-2020 05:17:47;06-04-2020 11:24:52;true;false
561;-1;13-01-2020 22:59:46;08-04-2020 23:11:56;true;false
562;2;02-01-2020 09:57:34;14-04-2020 17:20:27;false;true
563;1;13-02-2020 13:22:52;24-04-2020 01:57:12;false;false
564;-1;20-02-2020 16:08:56;10-04-2020 15:12:52;true;false
565;1;21-02-2020 01:03:23;14-04-2020 20:45:06;true;false
566;-1;19-01-2020 02:52:54;10-04-2020 01:24:37;false;true
567;1;13-02-2020 09:15:57;23-04-2020 05:49:18;false;true
568;0;01-01-2020 18:39:49;06-04-2020 13:11:32;false;false
569;-1;07-02-2020 04:48:58;12-04-2020 07:14:58;true;false
570;1;26-02-2020 07:43:24;21-04-2020 15:03:56;false;false
571;0;28-01-2020 14:51:18;29-04-2020 07:11:56;true;true
572;-1;19-01-2020 23:24:51;22-04-2020 10:45:15;true;true
573;-1;06-02-2020 20:39:57;21-04-2020 02:45:50;true;true
574;1;30-01-2020 01:57:10;15-04-2020 05:38:41;true;true
575;-1;12-01-2020 17:16:56;27-04-2020 00:02:47;true;true
576;1;20-01-2020 04:33:52;24-04-2020 14:43:23;false;true
577;1;18-02-2020 04:35:14;03-04-2020 09:21:50;true;false
578;2;03-01-2020 20:34:59;06-04-2020 02:17:34;true;false
579;2;03-01-2020 11:33:43;12-04-2020 05:23:28;true;true
580;2;15-01-2020 20:29:35;14-04-2020 22:45:09;true;true
581;1;29-02-2020 18:04:11;09-04-2020 05:35:03;false;false
582;1;26-01-2020 00:38:09;16-04-2020 08:20:06;true;false
583;-1;19-02-2020 03:11:55;26-04-2020 06:56:30;false;false
584;1;21-01-2020 09:26:39;25-04-2020 06:28:30;false;true
585;0;21-02-2020 22:47:54;29-04-2020 01:28:33;false;false
586;2;14-01-2020 09:49:27;06-04-2020 06:10:04;false;true
587;0;27-01-2020 01:40:09;07-04-2020 18:14:18;false;true
588;-1;21-02-2020 05:50:40;07-04-2020 21:19:32;false;false
589;2;23-01-2020 22:06:23;18-04-2020 07:01:23;true;false
590;-1;10-01-2020 18:13:19;11-04-2020 19:59:33;true;true
591;1;21-02-2020 23:13:48;29-04-2020 09:53:57;false;false
592;1;25-02-2020 09:56:21;21-04-2020 14:05:23;false;false
593;0;17-02-2020 23:25:31;26-04-2020 20:34:39;true;false
594;0;23-01-2020 01:52:30;03-04-2020 23:41:12;false;false
595;-1;15-02-2020 15:55:38;18-04-2020 22:44:39;false;false
596;2;22-01-2020 07:04:28;20-04-2020 06:16:26;false;true
597;2;19-01-2020 03:07:31;22-04-2020 19:44:50;true;false
598;2;15-01-2020 21:08:16;09-04-2020 17:06:04;true;false
599;-1;26-01-2020 04:15:53;07-04-2020 00:58:24;true;false
600;2;06-02-2020 17:30:43;27-04-2020 14:55:33;true;false
601;0;30-01-2020 22:06:21;02-04-2020 21:47:58;false;true
602;1;07-01-2020 21:18:43;17-04-2020 13:28:02;true;false
603;2;10-01-2020 05:15:50;23-04-2020 21:02:55;true;true
604;2;14-02-2020 07:37:06;11-04-2020 12:29:17;true;false
605;-1;05-02-2020 18:39:10;23-04-2020 13:56:14;false;true
606;-1;09-01-2020 20:47:19;12-04-2020 23:41:01;false;false
607;1;31-01-2020 17:56:21;15-04-2020 17:23:51;true;true
608;0;23-01-2020 19:58:17;18-04-2020 12:07:33;true;true
609;1;07-01-2020 00:46:43;02-04-2020 11:33:46;true;false
610;0;14-02-2020 21:54:53;23-04-2020 00:54:39;false;true
611;-1;14-02-2020 21:46:08;10-04-2020 09:28:30;true;false
612;2;27-02-2020 08:00:09;25-04-2020 14:06:59;true;false
613;1;10-02-2020 14:29:39;01-04-2020 23:24:38;false;false
614;2;20-02-2020 09:06:16;22-04-2020 05:53:26;false;true
615;1;31-01-2020 00:45:25;29-04-2020 04:15:01;true;true
616;0;03-01-2020 13:46:49;09-04-2020 13:08:48;true;true
617;-1;14-01-2020 15:10:52;09-04-2020 21:46:38;false;false
618;-1;25-01-2020 05:16:00;09-04-2020 05:47:33;false;true
619;2;16-01-2020 15:39:29;15-04-2020 16:40:48;false;true
620;1;24-01-2020 09:46:42;12-04-2020 01:08:27;false;false
621;-1;27-01-2020 22:51:08;10-04-2020 18:40:39;false;true
622;-1;24-02-2020 05:17:58;26-04-2020 03:39:03;true;true
623;2;09-01-2020 10:00:57;07-04-2020 21:31:23;true;false
624;-1;02-02-2020 06:06:45;18-04-2020 02:07:20;false;true
625;2;01-03-2020 12:23:55;06-04-2020 15:15:18;true;true
626;0;18-02-2020 01:24:38;12-04-2020 17:34:57;true;true
627;0;20-02-2020 13:04:52;02-04-2020 02:15:52;false;true
628;1;29-01-2020 16:08:01;08-04-2020 20:03:18;true;false
629;0;20-01-2020 00:59:53;10-04-2020 00:35:25;false;true
630;2;17-02-2020 11:24:47;05-04-2020 09:42:39;false;false
631;2;09-02-2020 00:26:40;17-04-2020 01:49:43;false;true
632;1;01-02-2020 09:10:34;07-04-2020 11:32:50;false;true
633;1;22-02-2020 10:24:04;03-04-2020 10:12:32;false;false
634;-1;08-01-2020 08:28:28;23-04-2020 12:21:41;false;false
635;2;05-02-2020 06:03:04;20-04-2020 22:51:44;false;false
636;2;06-02-2020 06:04:11;18-04-2020 21:04:24;true;false
637;1;08-02-2020 08:56:07;19-04-2020 15:05:13;true;false
638;-1;29-02-2020 06:17:14;27-04-2020 22:58:36;false;true
639;1;18-01-2020 18:54:09;30-04-2020 22:04:45;true;false
640;0;17-02-2020 15:20:03;24-04-2020 02:53:12;true;false
641;0;13-01-2020 11:17:33;12-04-2020 07:50:04;false;false
642;1;26-02-2020 16:17:03;05-04-2020 01:45:43;true;true
643;1;05-01-2020 02:48:22;06-04-2020 13:05:07;true;false
644;2;14-02-2020 11:46:53;30-04-2020 02:08:43;false;true
645;0;28-02-2020 01:33:39;13-04-2020 00:49:31;false;true
646;-1;29-01-2020 22:44:34;26-04-2020 19:40:13;false;false
647;1;18-02-2020 07:15:53;04-04-2020 12:26:46;false;true
648;2;22-01-2020 16:33:45;01-04-2020 18:16:05;false;true
649;1;15-01-2020 04:04:04;30-04-2020 00:08:37;false;true
650;1;10-01-2020 17:13:35;28-04-2020 01:13:10;false;false
651;1;28-02-2020 20:55:59;11-04-2020 09:50:03;false;true
652;2;17-01-2020 04:26:27;10-04-2020 08:48:01;false;true
653;0;30-01-2020 10:30:19;07-04-2020 00:47:33;false;true
654;-1;02-01-2020 11:44:15;03-04-2020 08:53:28;false;false
655;1;02-01-2020 05:27:10;29-04-2020 22:09:35;false;false
656;2;14-02-2020 22:11:35;07-04-2020 00:51:19;false;true
657;0;25-01-2020 00:54:57;18-04-2020 03:07:31;true;true
658;2;22-02-2020 11:25:54;29-04-2020 03:28:46;true;true
659;-1;31-01-2020 00:14:21;05-04-2020 06:59:54;false;true
660;1;28-02-2020 01:42:45;25-04-2020 10:58:01;true;false
661;1;18-01-2020 19:41:10;01-05-2020 07:09:38;true;false
662;2;26-01-2020 03:11:55;05-04-2020 22:03:07;false;false
663;1;04-02-2020 17:01:22;26-04-2020 11:10:22;false;true
664;2;16-01-2020 03:27:12;08-04-2020 18:45:20;false;true
665;0;25-01-2020 04:49:16;24-04-2020 06:57:28;false;false
666;1;27-01-2020 05:41:09;16-04-2020 19:59:36;true;true
667;-1;25-02-2020 18:06:11;08-04-2020 05:32:53;false;true
668;-1;24-02-2020 02:05:45;04-04-2020 02:42:30;true;false
669;2;04-01-2020 21:28:26;28-04-2020 01:58:29;false;true
670;-1;13-02-2020 16:38:12;12-04-2020 08:10:49;false;true
671;2;30-01-2020 06:34:33;12-04-2020 21:42:19;true;true
672;0;18-01-2020 17:12:09;27-04-2020 12:57:53;false;false
673;2;29-01-2020 03:12:25;11-04-2020 03:07:52;false;true
674;1;18-01-2020 21:29:51;17-04-2020 17:17:50;true;true
675;0;29-02-2020 01:04:03;04-04-2020 14:35:24;false;false
676;1;18-02-2020 13:26:22;11-04-2020 11:26:32;true;true
677;-1;03-01-2020 11:29:45;06-04-2020 14:31:04;true;true
678;-1;21-01-2020 20:18:26;27-04-2020 20:55:34;false;false
679;1;25-01-2020 22:14:50;02-04-2020 21:53:06;true;false
680;2;10-01-2020 13:23:31;09-04-2020 01:56:33;true;true
681;1;01-02-2020 03:50:40;22-04-2020 15:15:06;false;false
682;0;20-01-2020 04:59:38;18-04-2020 17:00:42;true;true
683;-1;06-01-2020 09:01:08;23-04-2020 01:28:10;false;true
684;1;27-02-2020 12:50:27;07-04-2020 15:07:52;true;true
685;-1;10-02-2020 02:40:58;11-04-2020 17:51:51;false;false
686;1;24-02-2020 09:55:13;14-04-2020 21:09:20;false;true
687;0;13-02-2020 03:56:02;04-04-2020 15:16:59;true;true
688;1;03-02-2020 06:52:31;03-04-2020 08:17:47;true;false
689;0;23-02-2020 20:34:50;01-04-2020 12:59:30;false;true
690;1;30-01-2020 10:52:00;21-04-2020 17:27:39;true;false
691;-1;01-02-2020 22:25:57;19-04-2020 09:35:57;true;false
692;-1;05-02-2020 23:35:50;06-04-2020 01:00:47;false;false
693;2;28-01-2020 07:35:34;21-04-2020 01:10:07;false;false
694;-1;27-01-2020 07:39:07;12-04-2020 00:17:54;false;false
695;0;31-01-2020 19:39:42;03-04-2020 10:54:11;true;true
696;-1;03-02-2020 01:45:46;18-04-2020 05:05:34;true;false
697;-1;05-02-2020 13:50:52;14-04-2020 01:21:19;true;false
698;1;07-02-2020 08:35:31;01-04-2020 23:13:57;false;false
699;0;27-01-2020 15:37:06;23-04-2020 12:30:37;true;false
700;-1;24-02-2020 04:25:12;13-04-2020 18:06:52;true;true
701;-1;14-01-2020 16:43:29;03-04-2020 13:06:28;true;true
702;2;26-02-2020 02:28:06;18-04-2020 23:03:06;true;false
703;-1;03-02-2020 21:28:33;26-04-2020 11:07:30;false;false
704;0;10-02-2020 17:51:01;26-04-2020 16:57:17;true;false
705;0;21-02-2020 07:40:12;24-04-2020 08:29:34;false;false
706;0;28-02-2020 16:02:09;29-04-2020 12:36:57;true;false
707;1;27-02-2020 02:58:22;10-04-2020 18:01:43;true;false
708;-1;21-01-2020 14:53:23;29-04-2020 12:28:17;true;true
709;2;10-01-2020 13:11:07;10-04-2020 10:12:07;false;false
710;2;25-01-2020 10:09:09;17-04-2020 16:13:24;false;false
711;2;05-02-2020 15:33:28;02-04-2020 21:46:24;false;false
712;0;02-02-2020 14:29:00;08-04-2020 12:43:15;true;true
713;2;26-01-2020 18:07:58;01-05-2020 03:05:14;true;false
714;2;03-02-2020 20:18:00;25-04-2020 10:09:17;true;false
715;-1;18-02-2020 01:41:53;11-04-2020 09:16:20;true;true
716;1;17-02-2020 09:32:54;15-04-2020 01:09:37;true;false
717;-1;25-02-2020 03:43:38;11-04-2020 09:49:20;false;true
718;-1;17-01-2020 14:26:10;10-04-2020 00:53:01;true;false
719;2;03-01-2020 11:28:39;04-04-2020 11:15:33;true;true
720;1;06-01-2020 11:23:55;07-04-2020 18:47:31;false;true
721;2;09-01-2020 11:27:55;06-04-2020 10:15:48;false;true
722;0;23-01-2020 00:56:29;28-04-2020 23:36:23;false;false
723;1;23-01-2020 04:22:31;11-04-2020 03:32:03;false;false
724;1;18-01-2020 11:33:27;06-04-2020 18:09:43;false;true
725;-1;19-01-2020 05:36:27;06-04-2020 20:49:29;false;false
726;-1;25-02-2020 01:48:44;04-04-2020 06:52:23;false;false
727;1;20-02-2020 03:51:54;05-04-2020 04:51:42;false;false
728;0;03-02-2020 00:57:27;08-04-2020 17:23:59;false;false
729;-1;29-01-2020 08:08:10;30-04-2020 02:23:00;false;true
730;-1;17-01-2020 01:51:08;27-04-2020 21:09:06;false;true
731;0;06-02-2020 02:40:34;17-04-2020 11:29:11;false;false
732;2;31-01-2020 21:51:31;16-04-2020 08:45:22;true;false
733;0;27-01-2020 00:28:46;09-04-2020 00:14:44;true;true
734;-1;02-01-2020 14:31:43;09-04-2020 21:08:36;false;true
735;2;29-01-2020 04:55:29;22-04-2020 14:56:38;false;true
736;-1;22-02-2020 19:32:27;25-04-2020 13:45:58;false;true
737;2;04-02-2020 07:34:27;09-04-2020 01:36:52;false;true
738;2;07-02-2020 04:40:35;01-05-2020 11:15:54;false;true
739;1;15-02-2020 16:42:01;22-04-2020 15:42:53;false;false
740;0;02-02-2020 13:23:43;03-04-2020 15:28:43;false;true
741;2;11-01-2020 05:52:35;04-04-2020 12:07:38;false;true
742;2;24-01-2020 12:48:11;11-04-2020 02:12:55;true;false
743;0;19-02-2020 04:05:07;21-04-2020 02:00:25;true;true
744;2;25-02-2020 13:23:55;14-04-2020 17:23:50;true;false
745;0;24-01-2020 06:01:02;16-04-2020 19:40:09;true;false
746;2;17-02-2020 20:17:59;20-04-2020 21:06:28;true;true
747;1;10-01-2020 06:45:06;23-04-2020 05:10:50;true;false
748;2;27-02-2020 13:03:43;13-04-2020 02:40:49;true;true
749;0;24-01-2020 11:44:15;23-04-2020 09:29:20;false;true
750;2;26-01-2020 00:13:58;02-04-2020 23:22:04;false;false
751;-1;16-01-2020 18:45:03;08-04-2020 06:16:48;false;false
752;-1;20-02-2020 18:30:46;27-04-2020 05:30:12;false;false
753;0;17-02-2020 03:47:55;30-04-2020 13:08:31;true;false
754;-1;27-01-2020 15:45:10;23-04-2020 19:57:54;false;false
755;2;27-01-2020 11:17:47;24-04-2020 06:37:07;false;true
756;1;09-02-2020 23:04:03;06-04-2020 15:14:47;true;true
757;0;22-02-2020 22:13:06;14-04-2020 23:30:02;true;true
758;2;16-01-2020 14:13:29;05-04-2020 10:47:10;false;true
759;0;05-01-2020 18:37:28;10-04-2020 08:38:43;false;true
760;1;25-02-2020 15:40:02;20-04-2020 17:23:58;false;false
761;0;29-02-2020 09:41:54;21-04-2020 08:17:40;true;true
762;0;08-02-2020 20:26:57;07-04-2020 02:14:24;true;false
763;2;06-01-2020 13:27:12;13-04-2020 00:44:37;false;false
764;-1;13-01-2020 15:31:17;18-04-2020 09:07:24;false;false
765;-1;06-02-2020 10:37:59;16-04-2020 01:29:08;true;true
766;1;23-02-2020 18:48:16;07-04-2020 23:09:55;false;false
767;-1;12-01-2020 05:57:36;16-04-2020 19:17:35;false;true
768;0;16-01-2020 17:57:51;24-04-2020 12:32:47;false;true
769;1;03-01-2020 23:55:02;24-04-2020 23:33:43;true;false
770;0;03-02-2020 01:45:23;14-04-2020 05:22:29;false;true
771;0;06-02-2020 06:36:25;10-04-2020 03:28:59;false;false
772;2;25-02-2020 03:37:08;12-04-2020 13:49:07;true;true
773;0;12-01-2020 17:23:02;05-04-2020 00:27:40;false;true
774;1;08-02-2020 17:30:12;12-04-2020 14:56:41;true;false
775;2;18-01-2020 12:30:55;15-04-2020 12:29:25;false;true
776;-1;23-01-2020 03:41:23;12-04-2020 21:21:32;true;true
777;1;21-02-2020 17:53:44;06-04-2020 00:41:36;false;true
778;-1;17-01-2020 13:24:42;30-04-2020 15:26:35;true;true
779;2;27-02-2020 12:59:24;12-04-2020 09:38:08;true;false
780;-1;18-01-2020 05:11:05;07-04-2020 04:12:22;false;true
781;1;20-02-2020 22:07:44;07-04-2020 10:59:08;true;true
782;1;24-01-2020 01:36:54;29-04-2020 20:50:12;true;true
783;2;15-02-2020 10:49:19;15-04-2020 23:48:58;false;false
784;-1;13-01-2020 12:22:24;28-04-2020 00:14:30;true;false
785;2;26-01-2020 22:25:56;10-04-2020 01:23:08;false;false
786;0;20-02-2020 19:03:35;16-04-2020 21:00:16;false;true
787;-1;16-02-2020 20:35:47;14-04-2020 15:09:42;false;true
788;2;27-01-2020 13:42:01;26-04-2020 08:32:20;true;false
789;2;04-01-2020 11:31:44;28-04-2020 16:15:34;true;false
790;1;01-03-2020 11:33:21;20-04-2020 01:57:24;true;false
791;0;12-02-2020 07:20:54;30-04-2020 22:23:05;true;true
792;1;02-01-2020 17:18:54;10-04-2020 17:50:41;true;true
793;-1;24-02-2020 03:59:28;09-04-2020 17:59:11;false;true
794;2;26-02-2020 06:46:05;19-04-2020 17:34:55;true;true
795;-1;17-01-2020 06:28:51;09-04-2020 17:35:19;true;true
796;0;06-01-2020 21:18:59;19-04-2020 08:41:45;false;false
797;2;10-02-2020 22:39:22;23-04-2020 11:22:37;true;true
798;1;06-01-2020 08:20:34;23-04-2020 09:58:09;true;true
799;0;31-01-2020 12:01:02;15-04-2020 18:58:02;false;false
800;0;12-02-2020 08:43:48;07-04-2020 22:55:38;false;false
801;0;17-02-2020 20:55:37;08-04-2020 05:56:14;true;true
802;0;03-02-2020 02:06:16;25-04-2020 06:33:19;false;false
803;-1;05-02-2020 15:06:50;16-04-2020 02:49:50;false;false
804;1;03-01-2020 08:43:53;22-04-2020 21:20:21;true;false
805;2;26-02-2020 09:13:13;06-04-2020 05:24:32;true;true
806;1;10-02-2020 01:29:32;25-04-2020 06:06:06;false;false
807;1;20-02-2020 20:18:33;29-04-2020 23:31:07;false;false
808;1;28-02-2020 11:29:56;13-04-2020 01:56:15;true;true
809;0;20-01-2020 21:53:14;12-04-2020 17:57:31;true;false
810;2;09-02-2020 11:09:10;23-04-2020 16:19:18;true;true
811;2;21-02-2020 00:25:24;02-04-2020 14:36:21;true;false
812;-1;25-02-2020 13:34:07;02-04-2020 06:33:07;true;false
813;2;04-01-2020 03:39:08;22-04-2020 21:31:08;true;false
814;0;21-01-2020 15:01:27;24-04-2020 22:54:34;false;false
815;1;12-02-2020 14:33:30;29-04-2020 08:52:14;true;false
816;1;31-01-2020 11:24:59;18-04-2020 06:11:45;false;false
817;1;14-02-2020 15:01:19;13-04-2020 22:08:53;true;true
818;1;06-01-2020 07:15:27;23-04-2020 04:11:04;false;true
819;-1;14-02-2020 02:41:32;14-04-2020 02:48:25;false;true
820;0;23-01-2020 07:54:52;22-04-2020 18:33:28;true;false
821;-1;06-01-2020 06:30:08;05-04-2020 19:36:08;false;true
822;2;18-02-2020 20:06:39;25-04-2020 22:35:04;false;true
823;0;10-01-2020 08:54:06;03-04-2020 02:44:51;false;true
824;2;08-01-2020 01:08:27;03-04-2020 10:24:22;false;true
825;0;09-02-2020 05:34:29;12-04-2020 12:03:47;true;false
826;-1;25-02-2020 18:10:33;14-04-2020 06:32:54;true;true
827;0;22-02-2020 18:10:27;05-04-2020 00:37:56;true;true
828;2;10-01-2020 23:31:45;09-04-2020 03:15:15;true;true
829;-1;03-01-2020 18:46:34;26-04-2020 13:50:20;false;true
830;0;23-02-2020 18:35:22;27-04-2020 10:33:38;false;false
831;1;19-01-2020 07:04:58;18-04-2020 01:10:00;false;false
832;0;21-02-2020 20:20:03;10-04-2020 19:27:28;false;true
833;1;31-01-2020 01:18:40;14-04-2020 20:25:13;true;true
834;1;20-02-2020 04:40:53;01-04-2020 12:48:26;false;true
835;0;15-02-2020 08:56:32;11-04-2020 15:40:13;true;false
836;1;02-01-2020 18:09:16;26-04-2020 19:29:04;false;true
837;1;06-02-2020 08:58:12;13-04-2020 17:52:31;true;true
838;-1;28-02-2020 02:32:36;04-04-2020 07:19:44;false;false
839;1;05-02-2020 16:37:15;07-04-2020 00:22:22;false;false
840;2;16-02-2020 15:15:55;14-04-2020 13:31:39;false;false
841;0;13-02-2020 20:36:51;16-04-2020 09:04:39;false;true
842;-1;23-02-2020 00:30:21;02-04-2020 16:18:45;true;false
843;-1;13-02-2020 03:41:18;25-04-2020 20:46:46;false;true
844;2;06-01-2020 06:40:06;19-04-2020 07:08:08;true;false
845;2;09-02-2020 04:03:36;09-04-2020 15:02:25;false;true
846;0;02-02-2020 07:59:53;09-04-2020 23:03:47;false;true
847;1;28-01-2020 23:27:07;22-04-2020 10:02:21;true;false
848;2;10-01-2020 06:28:35;01-04-2020 19:09:22;false;true
849;1;12-01-2020 16:33:29;01-05-2020 06:21:58;false;true
850;-1;01-02-2020 02:47:05;07-04-2020 07:47:08;true;true
851;2;28-01-2020 11:41:58;05-04-2020 11:34:02;true;false
852;0;22-02-2020 17:26:18;04-04-2020 19:19:46;false;false
853;-1;23-01-2020 11:21:22;15-04-2020 16:47:41;true;false
854;0;01-02-2020 15:10:22;02-04-2020 02:18:52;true;false
855;2;15-01-2020 23:42:52;15-04-2020 23:27:22;true;false
856;1;29-02-2020 08:53:31;07-04-2020 15:03:26;true;false
857;2;17-01-2020 18:03:53;05-04-2020 02:08:38;true;false
858;0;13-02-2020 19:30:20;30-04-2020 00:42:12;false;false
859;0;16-02-2020 22:39:27;20-04-2020 21:36:53;false;false
860;2;03-01-2020 10:24:26;30-04-2020 18:42:23;true;true
861;-1;13-02-2020 18:32:24;27-04-2020 01:36:58;true;true
862;1;12-01-2020 04:22:58;04-04-2020 21:31:13;true;true
863;1;12-02-2020 07:07:43;12-04-2020 07:30:11;true;false
864;1;17-01-2020 10:59:02;06-04-2020 19:13:08;false;false
865;-1;07-02-2020 03:58:21;19-04-2020 00:47:50;false;true
866;2;21-01-2020 03:06:22;21-04-2020 04:24:33;true;true
867;0;28-01-2020 22:48:35;11-04-2020 20:20:40;false;false
868;0;02-01-2020 21:48:49;18-04-2020 04:48:41;false;true
869;-1;01-02-2020 15:08:25;23-04-2020 17:32:10;false;true
870;2;30-01-2020 12:04:30;15-04-2020 10:16:46;true;true
871;0;26-01-2020 16:33:31;16-04-2020 11:53:56;false;true
872;0;01-02-2020 20:06:21;10-04-2020 09:30:36;true;true
873;0;03-02-2020 04:58:50;01-05-2020 00:16:36;false;false
874;2;08-01-2020 00:32:20;23-04-2020 08:22:46;true;true
875;-1;13-01-2020 03:06:24;16-04-2020 02:14:59;true;false
876;-1;24-02-2020 15:03:45;01-04-2020 14:48:34;true;false
877;2;25-02-2020 06:19:15;04-04-2020 14:30:57;true;false
878;1;18-02-2020 14:10:53;29-04-2020 17:24:29;false;true
879;2;08-02-2020 00:31:54;02-04-2020 00:22:04;true;true
880;0;17-02-2020 21:43:00;22-04-2020 20:53:29;false;false
881;1;16-02-2020 00:11:27;07-04-2020 23:33:36;false;false
882;0;24-01-2020 13:40:08;07-04-2020 08:10:14;false;true
883;-1;11-01-2020 14:50:27;03-04-2020 06:56:25;false;false
884;-1;01-01-2020 17:25:05;05-04-2020 05:40:06;false;false
885;0;28-02-2020 18:18:32;13-04-2020 09:15:12;false;true
886;0;24-01-2020 17:14:25;25-04-2020 03:52:07;true;true
887;1;07-01-2020 16:17:03;02-04-2020 20:59:29;false;true
888;1;18-01-2020 14:43:12;11-04-2020 06:05:56;false;true
889;2;25-01-2020 04:49:32;23-04-2020 16:50:24;true;true
890;-1;11-02-2020 19:42:46;20-04-2020 23:48:23;true;false
891;-1;05-01-2020 05:17:31;12-04-2020 08:25:59;true;false
892;-1;26-02-2020 02:47:29;09-04-2020 08:00:44;false;false
893;2;14-01-2020 16:00:11;09-04-2020 06:23:21;true;true
894;2;23-01-2020 20:49:59;10-04-2020 22:15:36;true;true
895;1;07-01-2020 14:28:04;15-04-2020 16:01:08;true;false
896;2;24-01-2020 16:33:23;13-04-2020 03:00:00;false;true
897;1;27-02-2020 10:50:34;11-04-2020 08:38:37;true;false
898;1;11-01-2020 04:50:48;11-04-2020 16:56:32;true;true
899;0;25-02-2020 20:38:30;15-04-2020 07:14:58;false;true
900;1;06-02-2020 01:35:44;12-04-2020 23:16:19;false;false
901;0;04-01-2020 22:21:50;07-04-2020 14:35:07;true;false
902;2;01-01-2020 22:34:04;25-04-2020 01:56:25;false;false
903;-1;27-01-2020 03:48:42;14-04-2020 09:38:16;true;true
904;0;16-02-2020 23:50:12;15-04-2020 07:39:57;false;false
905;0;03-02-2020 16:41:40;07-04-2020 16:28:22;false;true
906;1;07-01-2020 01:04:14;02-04-2020 12:43:23;false;true
907;1;26-01-2020 16:14:09;24-04-2020 14:57:10;true;true
908;2;08-01-2020 00:54:14;15-04-2020 08:36:40;true;false
909;-1;14-01-2020 18:24:44;06-04-2020 10:39:38;false;false
910;0;21-02-2020 03:44:09;22-04-2020 12:04:43;true;false
911;2;09-02-2020 21:24:15;09-04-2020 04:29:15;false;false
912;1;19-02-2020 18:44:28;01-05-2020 05:12:57;true;true
913;1;04-02-2020 03:16:59;27-04-2020 11:10:18;false;false
914;-1;09-02-2020 20:26:18;27-04-2020 09:59:47;true;false
915;0;09-01-2020 13:59:57;21-04-2020 01:42:39;false;false
916;2;08-02-2020 14:40:54;13-04-2020 16:36:39;true;false
917;0;12-01-2020 17:06:58;09-04-2020 12:48:46;false;false
918;1;28-02-2020 15:43:58;06-04-2020 22:14:16;true;true
919;1;01-01-2020 14:42:26;16-04-2020 10:51:13;false;true
920;0;16-02-2020 16:17:21;16-04-2020 10:58:36;true;true
921;0;30-01-2020 00:50:51;05-04-2020 06:46:41;true;false
922;1;29-02-2020 11:50:42;11-04-2020 02:40:07;true;true
923;0;27-02-2020 11:29:46;12-04-2020 13:14:06;true;true
924;2;28-02-2020 19:21:30;29-04-2020 19:18:24;true;false
925;-1;11-01-2020 05:23:29;02-04-2020 22:22:52;true;false
926;1;06-01-2020 11:03:00;20-04-2020 09:05:39;false;true
927;2;25-01-2020 09:46:08;30-04-2020 13:33:11;true;true
928;1;11-02-2020 05:19:25;21-04-2020 21:00:09;false;false
929;-1;01-03-2020 10:15:47;02-04-2020 20:45:52;false;false
930;0;10-02-2020 03:40:23;12-04-2020 08:52:22;true;false
931;0;30-01-2020 15:45:34;21-04-2020 17:37:14;false;false
932;-1;27-02-2020 06:16:11;17-04-2020 11:53:58;true;true
933;1;11-02-2020 21:21:34;24-04-2020 13:13:13;true;false
934;-1;14-02-2020 17:55:52;10-04-2020 22:58:51;true;true
935;-1;02-02-2020 22:33:17;13-04-2020 05:49:59;false;false
936;2;24-02-2020 15:00:50;23-04-2020 22:56:30;true;false
937;1;27-01-2020 04:53:05;26-04-2020 01:46:33;true;true
938;-1;19-02-2020 11:33:40;18-04-2020 20:34:05;false;false
939;0;29-01-2020 22:33:31;28-04-2020 13:47:19;true;true
940;2;08-02-2020 23:26:41;10-04-2020 21:08:37;false;true
941;0;01-02-2020 22:34:21;17-04-2020 06:29:08;false;true
942;2;20-01-2020 11:55:10;17-04-2020 05:02:20;true;true
943;1;21-02-2020 22:04:47;10-04-2020 06:38:08;false;false
944;2;08-01-2020 11:46:44;28-04-2020 12:34:56;true;true
945;2;26-02-2020 18:38:55;14-04-2020 20:31:01;false;true
946;0;18-01-2020 11:33:50;26-04-2020 11:53:58;true;false
947;0;17-01-2020 10:03:23;12-04-2020 04:35:58;true;false
948;2;22-02-2020 09:11:28;19-04-2020 15:30:59;false;false
949;1;26-01-2020 23:29:33;14-04-2020 16:17:48;false;true
950;2;12-01-2020 15:29:03;22-04-2020 10:54:52;true;true
951;1;09-01-2020 14:44:02;20-04-2020 10:38:23;false;false
952;0;18-02-2020 06:16:00;17-04-2020 07:10:43;false;true
953;0;04-02-2020 22:30:46;26-04-2020 05:48:33;false;false
954;-1;19-02-2020 10:21:56;23-04-2020 06:44:07;true;false
955;1;27-01-2020 20:06:53;14-04-2020 12:22:26;true;true
956;-1;20-01-2020 13:43:34;01-05-2020 06:47:09;false;true
957;2;05-01-2020 04:26:32;08-04-2020 04:36:28;false;false
958;-1;15-01-2020 20:08:08;10-04-2020 00:28:12;true;false
959;2;09-02-2020 11:22:57;19-04-2020 02:26:02;false;true
960;-1;29-01-2020 09:51:25;23-04-2020 14:20:56;false;false
961;-1;13-02-2020 03:49:45;14-04-2020 03:23:26;true;true
962;-1;15-01-2020 19:45:05;03-04-2020 11:45:26;true;false
963;-1;18-02-2020 14:35:29;09-04-2020 23:37:20;true;true
964;1;04-02-2020 01:16:57;18-04-2020 05:34:35;true;true
965;2;01-01-2020 22:42:49;08-04-2020 17:39:50;true;true
966;1;05-01-2020 12:10:15;27-04-2020 20:43:00;true;false
967;-1;08-02-2020 13:09:12;29-04-2020 20:09:07;true;false
968;0;24-02-2020 08:45:31;22-04-2020 01:29:19;false;false
969;0;13-02-2020 00:38:11;17-04-2020 23:08:26;true;false
970;-1;04-02-2020 13:10:17;28-04-2020 03:16:22;false;false
971;0;29-01-2020 23:20:38;14-04-2020 01:10:39;false;false
972;0;09-01-2020 14:34:36;13-04-2020 20:07:38;true;true
973;0;05-01-2020 06:51:48;06-04-2020 11:12:18;false;true
974;2;14-02-2020 08:40:35;04-04-2020 20:32:00;false;true
975;1;09-01-2020 02:59:51;05-04-2020 14:49:20;true;true
976;-1;05-01-2020 16:42:44;03-04-2020 17:48:50;false;true
977;2;11-01-2020 23:48:25;17-04-2020 22:25:19;false;true
978;-1;28-02-2020 05:14:54;03-04-2020 19:57:02;true;false
979;-1;26-02-2020 21:29:27;06-04-2020 22:44:50;true;false
980;1;30-01-2020 02:24:22;03-04-2020 13:02:06;true;false
981;0;11-01-2020 10:27:33;19-04-2020 11:12:37;false;false
982;1;13-02-2020 23:36:52;09-04-2020 13:28:06;false;true
983;0;09-01-2020 11:00:24;05-04-2020 02:30:18;false;true
984;2;08-01-2020 16:49:41;22-04-2020 23:30:12;true;true
985;-1;09-01-2020 00:43:46;29-04-2020 16:50:10;false;false
986;2;20-01-2020 04:45:14;23-04-2020 22:01:49;false;true
987;2;15-02-2020 05:21:01;26-04-2020 07:45:46;false;false
988;2;16-01-2020 16:57:31;01-05-2020 02:43:36;true;true
989;2;18-01-2020 10:00:44;08-04-2020 14:50:22;false;false
990;1;22-02-2020 15:05:16;01-04-2020 16:56:08;true;false
991;1;18-02-2020 20:44:01;22-04-2020 15:15:53;false;true
992;2;03-02-2020 20:01:01;22-04-2020 11:24:44;false;true
993;0;03-01-2020 09:35:05;19-04-2020 10:58:05;false;true
994;2;16-02-2020 09:25:30;18-04-2020 18:29:59;true;true
995;2;14-01-2020 06:07:03;17-04-2020 12:38:07;true;true
996;1;31-01-2020 09:43:37;14-04-2020 07:38:45;true;false
997;1;10-01-2020 18:15:38;30-04-2020 17:30:21;true;true
998;1;04-01-2020 21:20:55;19-04-2020 03:05:49;false;true
999;-1;06-02-2020 03:42:38;21-04-2020 05:50:02;false;false
1000;2;24-01-2020 00:49:09;30-04-2020 14:21:20;false;false
