ID;STATUS;AMT;PLACED_AT;CANCELLED_AT;RETURNED_AT;FAILED_AT;VENDOR_ID;USER_ID
1;-1;2.3316046673328787;14-02-2021 20:32:51;06-03-2021 19:36:55;14-04-2021 22:48:46;24-05-2021 08:46:29;29;59
2;-1;0.8620786757083913;04-02-2021 12:32:43;21-03-2021 03:58:17;10-04-2021 13:24:19;08-05-2021 01:09:40;64;40
3;1;1.6861259333048424;26-02-2021 02:24:10;12-03-2021 00:28:05;05-04-2021 02:56:20;15-05-2021 01:09:43;13;69
4;2;1.0517626265034061;25-01-2021 09:54:21;24-03-2021 18:25:03;25-04-2021 04:26:44;25-05-2021 05:56:33;40;39
5;2;1.587029000980213;23-02-2021 19:12:25;21-03-2021 13:01:20;15-04-2021 14:00:08;08-05-2021 15:55:16;78;96
6;1;1.9632494347795622;26-01-2021 01:17:51;26-03-2021 07:25:22;06-04-2021 20:39:21;26-05-2021 18:42:58;17;38
7;-1;0.6618720175071626;11-02-2021 07:58:15;24-03-2021 20:36:06;03-04-2021 06:38:41;26-05-2021 11:47:04;81;16
8;-1;1.0440336516024364;11-01-2021 22:26:32;09-03-2021 01:53:48;07-04-2021 10:24:27;12-05-2021 18:09:01;66;14
9;2;0.15765206238164986;02-01-2021 17:29:36;22-03-2021 08:28:54;24-04-2021 22:45:24;19-05-2021 00:32:24;80;25
10;2;2.891412810404152;02-02-2021 05:30:33;13-03-2021 00:38:37;03-04-2021 00:33:15;12-05-2021 13:12:04;6;21
11;-1;0.7003859101280931;24-02-2021 16:01:35;13-03-2021 04:09:27;18-04-2021 08:16:03;08-05-2021 01:24:03;36;71
12;2;0.20782615749900032;01-02-2021 12:25:49;14-03-2021 22:29:50;13-04-2021 07:07:04;15-05-2021 01:07:11;81;59
13;0;1.3522264438371907;16-02-2021 22:34:41;;;;9;6
14;0;2.7829521100016485;21-02-2021 21:36:01;;;;45;2
15;2;0.3130330887863;11-01-2021 09:32:23;19-03-2021 00:21:14;30-04-2021 11:55:57;07-05-2021 23:37:31;33;32
16;1;0.1410132050735149;10-02-2021 09:41:49;29-03-2021 05:06:03;16-04-2021 08:01:37;05-05-2021 23:08:37;41;9
17;2;1.8160433197319563;01-03-2021 03:45:35;17-03-2021 03:41:57;06-04-2021 13:56:43;14-05-2021 04:21:19;26;9
18;2;1.8930367892256328;28-02-2021 02:41:26;03-03-2021 21:54:42;28-04-2021 07:59:52;13-05-2021 03:37:27;5;41
19;2;1.188445145048618;12-02-2021 07:27:54;25-03-2021 14:12:08;06-04-2021 17:08:34;05-05-2021 12:10:53;32;61
20;1;1.4487085450232455;16-01-2021 10:02:38;26-03-2021 19:19:52;10-04-2021 23:19:42;12-05-2021 19:07:27;8;92
21;2;1.9953931345400207;11-02-2021 21:42:00;21-03-2021 13:10:30;12-04-2021 20:12:24;18-05-2021 09:46:54;95;51
22;1;2.159123432236505;08-01-2021 22:47:54;23-03-2021 10:46:00;09-04-2021 01:57:23;11-05-2021 16:46:02;93;95
23;-1;2.1600424842230166;03-02-2021 01:01:06;28-03-2021 10:02:49;20-04-2021 18:42:01;29-05-2021 13:23:05;77;11
24;1;1.9993481073949722;07-01-2021 06:00:14;17-03-2021 09:57:41;24-04-2021 19:55:30;20-05-2021 21:15:48;25;47
25;2;2.128685812159029;04-02-2021 15:09:27;30-03-2021 07:16:27;08-04-2021 15:55:22;06-05-2021 15:09:53;7;96
26;0;0.25950512556225214;20-02-2021 08:48:00;;;;58;23
27;2;1.8584663685468161;02-01-2021 02:08:44;16-03-2021 19:24:25;12-04-2021 04:41:01;12-05-2021 06:01:45;3;97
28;-1;0.6078594452949778;30-01-2021 23:19:18;22-03-2021 05:07:53;04-04-2021 09:17:27;03-05-2021 12:37:34;36;96
29;1;2.7928342139633004;06-02-2021 03:09:17;10-03-2021 22:58:43;07-04-2021 05:23:20;05-05-2021 05:14:45;32;53
30;2;2.263540463001983;04-02-2021 09:39:45;27-03-2021 07:19:18;16-04-2021 21:34:34;06-05-2021 17:06:43;70;21
31;1;0.8749016307258686;13-01-2021 04:46:18;22-03-2021 08:35:59;04-04-2021 12:25:41;11-05-2021 12:13:28;95;99
32;0;1.4201886187789934;12-01-2021 17:44:26;;;;73;29
33;0;1.8827491689840554;17-02-2021 02:30:25;;;;55;44
34;2;1.925532561345467;31-01-2021 22:42:42;30-03-2021 20:04:47;03-04-2021 11:51:00;22-05-2021 07:31:22;49;17
35;2;1.0812749320999526;06-02-2021 08:41:35;14-03-2021 17:11:13;14-04-2021 04:55:41;05-05-2021 23:13:58;70;2
36;0;0.7350112445910947;28-02-2021 10:54:32;;;;4;37
37;2;2.630049404297749;23-02-2021 06:13:11;25-03-2021 09:30:49;27-04-2021 13:50:22;06-05-2021 03:11:47;32;99
38;1;2.893401332299551;25-02-2021 04:44:36;05-03-2021 03:00:22;15-04-2021 14:46:59;24-05-2021 17:40:51;58;33
39;2;2.510316020993463;11-01-2021 08:37:20;02-03-2021 10:35:54;24-04-2021 10:43:57;19-05-2021 01:13:04;2;48
40;-1;1.4117776405973033;21-02-2021 12:09:22;18-03-2021 07:04:43;13-04-2021 10:56:37;27-05-2021 06:37:00;43;56
41;0;0.25399149726781567;18-01-2021 12:22:21;;;;96;44
42;1;1.940608065915747;03-02-2021 11:57:55;10-03-2021 21:44:41;17-04-2021 23:12:41;12-05-2021 19:23:03;76;13
43;0;1.3698124408440808;12-02-2021 23:26:20;;;;77;92
44;2;0.10328869678967753;16-01-2021 04:09:44;25-03-2021 07:53:56;25-04-2021 07:00:55;15-05-2021 02:34:17;51;76
45;2;2.0379901913235745;20-01-2021 12:43:22;22-03-2021 03:18:25;18-04-2021 20:36:35;16-05-2021 07:45:37;87;66
46;-1;0.27834589632387835;26-01-2021 04:46:36;10-03-2021 00:05:43;28-04-2021 16:08:34;03-05-2021 11:36:19;73;82
47;1;0.3992128528143505;11-01-2021 20:20:57;06-03-2021 03:54:41;14-04-2021 14:25:11;09-05-2021 10:49:06;73;52
48;0;1.3081680305003236;06-02-2021 11:14:29;;;;63;28
49;2;0.4790790271448604;15-02-2021 09:29:23;30-03-2021 21:56:29;09-04-2021 13:09:18;10-05-2021 16:51:09;55;28
50;0;0.5329228456269197;11-01-2021 23:53:09;;;;99;62
51;2;1.1156395783786495;29-01-2021 21:09:08;21-03-2021 02:26:17;26-04-2021 07:22:44;27-05-2021 14:09:25;1;18
52;-1;2.3199643850744076;18-02-2021 05:33:07;17-03-2021 15:14:12;22-04-2021 19:34:48;04-05-2021 10:28:28;47;20
53;0;0.6707118261099455;21-02-2021 18:06:28;;;;15;26
54;0;2.2391900835646013;26-02-2021 04:39:45;;;;47;65
55;0;3.120978375543789;16-02-2021 07:20:17;;;;51;76
56;0;0.7057168723623132;08-01-2021 05:15:52;;;;56;94
57;0;2.3127207207868805;11-02-2021 23:47:08;;;;52;12
58;0;2.455075575412949;04-02-2021 16:52:02;;;;78;84
59;2;0.1809983453712677;21-01-2021 18:05:50;27-03-2021 18:01:37;02-04-2021 15:46:51;15-05-2021 05:59:37;82;92
60;1;2.5925700244861423;06-02-2021 22:49:21;16-03-2021 03:18:56;15-04-2021 17:36:57;08-05-2021 12:30:34;26;100
61;-1;2.1523784998801587;01-03-2021 02:30:30;30-03-2021 03:17:22;15-04-2021 20:42:26;27-05-2021 07:45:35;81;87
62;1;1.453874765234862;25-02-2021 14:29:33;10-03-2021 10:11:59;12-04-2021 13:18:57;14-05-2021 18:06:02;85;95
63;2;2.466242785290147;21-02-2021 14:33:11;19-03-2021 03:22:50;18-04-2021 23:00:14;23-05-2021 11:31:30;22;46
64;1;0.9664934045939388;02-01-2021 18:33:12;08-03-2021 23:48:27;21-04-2021 13:44:54;11-05-2021 05:08:49;73;61
65;2;2.604145619581074;17-01-2021 23:45:37;21-03-2021 11:39:26;24-04-2021 18:56:32;18-05-2021 01:57:54;32;54
66;-1;1.4582785264317386;05-01-2021 18:00:12;25-03-2021 03:36:11;22-04-2021 09:55:29;25-05-2021 06:44:58;73;33
67;2;1.164518822649983;15-01-2021 07:41:15;19-03-2021 04:17:55;15-04-2021 09:31:45;21-05-2021 18:10:13;96;20
68;0;0.8623802062715733;21-02-2021 05:14:17;;;;66;66
69;0;2.3417861830004196;18-01-2021 10:36:43;;;;78;77
70;2;1.0416227829792275;28-02-2021 21:03:52;08-03-2021 04:21:52;14-04-2021 20:09:53;31-05-2021 15:35:37;19;70
71;0;0.12676297047632004;02-01-2021 19:03:44;;;;36;51
72;1;0.940294541593186;07-01-2021 04:32:35;02-03-2021 02:57:45;19-04-2021 00:20:17;10-05-2021 11:23:35;35;84
73;-1;2.578804077599355;02-02-2021 10:11:53;17-03-2021 13:56:07;08-04-2021 11:58:43;06-05-2021 10:22:15;30;74
74;2;2.283108757501203;02-02-2021 17:18:58;11-03-2021 04:00:34;27-04-2021 00:59:00;29-05-2021 00:41:52;94;26
75;-1;1.123240239351046;06-01-2021 02:03:32;20-03-2021 20:11:14;27-04-2021 21:49:04;04-05-2021 14:57:38;95;27
76;2;2.724447119895798;15-02-2021 09:11:27;27-03-2021 22:35:46;17-04-2021 23:31:08;02-05-2021 12:37:36;22;56
77;1;2.808300623554074;08-02-2021 07:00:03;14-03-2021 03:27:52;11-04-2021 03:02:36;09-05-2021 12:06:58;90;72
78;0;2.1145989395178404;01-03-2021 14:38:01;;;;37;23
79;-1;2.768092675383071;10-01-2021 20:13:59;14-03-2021 11:12:45;16-04-2021 13:49:58;15-05-2021 20:58:30;76;2
80;-1;1.0167430270500837;10-01-2021 07:37:33;20-03-2021 20:38:45;07-04-2021 07:59:36;21-05-2021 10:41:33;43;2
81;0;1.809236725789329;27-02-2021 20:16:34;;;;7;81
82;1;2.9686886411249365;09-02-2021 16:51:09;15-03-2021 19:14:07;30-04-2021 12:01:03;09-05-2021 21:58:40;90;15
83;0;2.132076804366334;03-01-2021 04:29:18;;;;47;38
84;2;2.936874735952402;24-01-2021 16:02:36;03-03-2021 01:05:25;04-04-2021 00:27:28;11-05-2021 05:37:35;16;93
85;-1;0.6564118278242528;13-01-2021 14:18:43;05-03-2021 07:11:10;08-04-2021 22:19:16;22-05-2021 11:10:48;52;89
86;0;1.8920320599498093;19-02-2021 20:55:20;;;;78;9
87;-1;2.7421171429650566;17-01-2021 17:10:20;04-03-2021 14:57:27;07-04-2021 12:15:22;20-05-2021 10:58:01;58;37
88;1;1.782534330737232;13-01-2021 06:45:28;25-03-2021 04:15:45;24-04-2021 16:18:16;31-05-2021 17:10:09;99;27
89;1;1.0285260665151297;07-02-2021 07:35:58;30-03-2021 10:36:15;19-04-2021 03:00:59;16-05-2021 21:20:47;42;88
90;2;0.04343662021682894;23-01-2021 13:15:17;06-03-2021 15:56:40;21-04-2021 06:56:46;10-05-2021 06:07:47;28;78
91;0;1.2088027543281215;28-01-2021 12:00:34;;;;69;49
92;1;0.9311079833453045;20-01-2021 19:25:17;10-03-2021 12:43:48;12-04-2021 23:51:37;09-05-2021 18:53:31;51;38
93;-1;0.4124690220063127;31-01-2021 22:36:46;07-03-2021 10:38:58;14-04-2021 08:27:53;27-05-2021 02:55:32;61;94
94;-1;1.7219676205644272;04-01-2021 04:52:52;21-03-2021 19:25:16;28-04-2021 15:13:17;04-05-2021 17:52:32;92;69
95;1;0.3757071800787131;02-01-2021 13:54:43;31-03-2021 00:54:54;21-04-2021 09:20:32;21-05-2021 20:24:25;97;88
96;0;1.1205557604710181;18-01-2021 12:17:57;;;;92;64
97;-1;0.506545918825383;12-02-2021 23:35:53;03-03-2021 12:56:38;10-04-2021 06:09:16;17-05-2021 22:15:23;42;61
98;0;0.12890532672758687;13-01-2021 01:35:19;;;;57;41
99;2;0.5664667369526746;25-01-2021 14:06:56;05-03-2021 14:30:00;24-04-2021 01:18:04;08-05-2021 10:45:20;42;16
100;1;1.939925877137303;05-01-2021 14:27:48;06-03-2021 11:28:48;15-04-2021 08:55:06;28-05-2021 09:03:41;29;6
101;2;0.5682125348793367;20-02-2021 03:13:35;23-03-2021 14:31:39;02-04-2021 18:20:27;02-05-2021 09:14:57;12;87
102;0;2.498301757459826;26-01-2021 23:59:10;;;;7;13
103;2;0.8225564258606822;01-03-2021 00:08:34;09-03-2021 01:20:03;11-04-2021 12:02:40;04-05-2021 19:32:50;36;98
104;2;2.717917930440816;01-03-2021 15:02:48;16-03-2021 12:38:04;30-04-2021 21:01:47;22-05-2021 22:03:09;66;15
105;0;0.8141374174416217;22-02-2021 21:36:38;;;;12;19
106;2;1.0780520325087586;25-01-2021 08:11:46;17-03-2021 12:54:07;22-04-2021 20:38:52;03-05-2021 18:59:56;38;77
107;1;0.9846354614481397;22-02-2021 15:13:39;27-03-2021 19:05:15;14-04-2021 18:10:07;16-05-2021 02:55:53;80;62
108;1;1.0461943432514418;03-02-2021 14:02:17;14-03-2021 16:59:01;11-04-2021 21:42:53;22-05-2021 00:30:57;26;51
109;0;1.0210756075182534;06-01-2021 19:50:18;;;;7;90
110;2;1.9667579626280587;17-01-2021 13:07:31;29-03-2021 01:08:57;15-04-2021 02:30:20;07-05-2021 13:32:37;97;67
111;1;1.164150291838906;02-01-2021 04:35:13;16-03-2021 11:47:39;09-04-2021 17:14:56;26-05-2021 09:04:37;51;45
112;-1;2.4998593781293756;05-02-2021 11:51:57;20-03-2021 21:10:18;18-04-2021 23:51:43;05-05-2021 01:28:51;67;76
113;0;2.795274661967811;16-01-2021 23:17:30;;;;58;72
114;0;2.8906335040676505;16-02-2021 11:10:00;;;;12;48
115;-1;2.716657050608332;25-01-2021 10:53:46;04-03-2021 01:42:16;05-04-2021 01:52:05;25-05-2021 11:06:24;56;78
116;1;0.99503743607583;24-02-2021 10:24:22;18-03-2021 08:11:28;17-04-2021 02:08:24;30-05-2021 11:01:33;6;17
117;2;0.6439019294426408;09-02-2021 05:27:28;12-03-2021 10:55:19;06-04-2021 05:12:48;26-05-2021 16:02:20;37;82
118;-1;2.6025046018347315;17-02-2021 19:29:34;29-03-2021 03:26:09;04-04-2021 22:49:51;11-05-2021 09:10:09;91;90
119;2;0.36766500295174126;12-02-2021 05:23:22;10-03-2021 23:35:38;18-04-2021 16:51:45;30-05-2021 12:09:36;20;7
120;0;2.143240106642673;06-02-2021 19:46:35;;;;82;1
121;-1;0.9286858831764581;11-01-2021 03:22:55;18-03-2021 06:45:57;15-04-2021 01:05:11;02-05-2021 07:29:37;71;44
122;0;0.06934578820171193;23-01-2021 16:59:37;;;;58;99
123;-1;1.2110758248877895;16-01-2021 05:28:53;02-03-2021 04:47:11;22-04-2021 08:47:08;22-05-2021 01:07:12;100;69
124;2;2.4681662882756275;01-02-2021 13:48:24;14-03-2021 05:56:10;15-04-2021 04:39:44;14-05-2021 04:35:19;38;67
125;0;2.367296513983796;18-01-2021 04:57:43;;;;41;45
126;1;1.9105628547173557;06-02-2021 06:06:22;04-03-2021 03:30:17;16-04-2021 20:45:10;18-05-2021 14:57:00;58;81
127;1;1.2780306021576633;10-01-2021 03:42:09;26-03-2021 14:32:01;21-04-2021 04:54:13;13-05-2021 04:28:46;1;76
128;1;0.4269140217201471;02-01-2021 09:23:17;28-03-2021 07:30:22;12-04-2021 13:18:52;19-05-2021 08:51:55;20;89
129;1;0.3451182094286397;10-01-2021 12:46:05;24-03-2021 19:02:01;07-04-2021 12:18:50;27-05-2021 08:48:33;3;38
130;2;0.6020905240328523;18-01-2021 13:05:07;11-03-2021 15:28:01;08-04-2021 21:53:05;07-05-2021 09:39:08;95;17
131;-1;2.565069038270776;18-02-2021 09:02:35;24-03-2021 00:43:18;19-04-2021 05:38:15;13-05-2021 13:45:15;39;80
132;0;0.3220980857910296;08-02-2021 16:08:12;;;;7;11
133;1;2.893036340238227;09-02-2021 07:15:21;13-03-2021 14:41:05;17-04-2021 16:05:39;11-05-2021 00:48:02;56;46
134;-1;0.41242150991569304;02-01-2021 22:25:33;16-03-2021 07:08:55;03-04-2021 16:04:45;17-05-2021 15:55:08;65;20
135;0;1.4582899647982457;18-02-2021 12:49:41;;;;16;90
136;1;2.3733147084116455;03-02-2021 02:42:54;27-03-2021 05:38:08;08-04-2021 13:05:31;12-05-2021 05:03:25;36;70
137;-1;0.6480573370628663;07-02-2021 09:15:04;19-03-2021 08:24:54;06-04-2021 15:38:45;17-05-2021 05:27:45;3;26
138;-1;2.0847461773909184;21-01-2021 11:16:35;15-03-2021 15:54:50;17-04-2021 16:40:26;14-05-2021 20:58:36;86;63
139;1;2.77579670424069;15-02-2021 02:58:12;05-03-2021 00:38:58;05-04-2021 17:17:49;22-05-2021 04:26:13;22;65
140;-1;0.8910662211317297;21-02-2021 04:15:22;12-03-2021 23:20:18;20-04-2021 15:42:01;29-05-2021 15:33:19;98;57
141;1;0.38673759841974026;01-03-2021 06:25:47;13-03-2021 23:10:07;28-04-2021 14:47:20;13-05-2021 12:48:36;24;74
142;1;3.0764057719582425;22-01-2021 01:32:50;24-03-2021 20:05:45;29-04-2021 15:15:42;28-05-2021 02:29:08;19;38
143;1;2.1219311240365957;18-01-2021 16:17:35;29-03-2021 13:17:40;20-04-2021 07:25:27;15-05-2021 23:41:09;73;85
144;2;0.05226177382499519;20-02-2021 01:52:12;27-03-2021 06:23:51;04-04-2021 00:02:32;12-05-2021 02:43:48;61;50
145;0;2.9871487944209716;01-01-2021 22:23:50;;;;80;73
146;2;0.1791581624173068;21-01-2021 18:36:58;19-03-2021 02:27:49;26-04-2021 18:35:28;03-05-2021 20:50:17;54;47
147;-1;2.532655233387336;12-01-2021 10:46:09;14-03-2021 16:01:56;09-04-2021 04:36:35;04-05-2021 00:58:42;72;62
148;1;2.611671244814894;21-02-2021 22:12:27;15-03-2021 19:38:24;05-04-2021 05:47:39;07-05-2021 13:31:36;28;86
149;2;2.853410889663628;09-01-2021 23:50:27;24-03-2021 03:01:16;27-04-2021 14:28:49;19-05-2021 00:50:47;77;41
150;0;1.450920181306711;15-01-2021 05:30:53;;;;67;35
151;1;0.42762881803052155;30-01-2021 11:56:07;15-03-2021 18:55:31;27-04-2021 22:31:27;04-05-2021 22:33:01;62;70
152;2;0.1344550571363015;28-01-2021 13:53:44;10-03-2021 08:55:08;20-04-2021 19:52:58;15-05-2021 02:48:12;10;1
153;1;1.194807128652541;26-02-2021 12:57:13;20-03-2021 09:16:46;21-04-2021 02:22:02;09-05-2021 15:51:51;67;48
154;2;0.09895701568279812;07-01-2021 18:33:52;04-03-2021 12:12:00;13-04-2021 08:02:40;22-05-2021 22:41:09;93;56
155;0;0.33380461216804164;08-01-2021 03:08:38;;;;17;14
156;1;0.6844986470777285;11-02-2021 13:58:28;27-03-2021 19:31:30;24-04-2021 05:57:00;27-05-2021 11:17:22;11;96
157;0;1.4609589229973354;08-02-2021 11:46:11;;;;35;40
158;0;2.0024065852667645;14-01-2021 16:41:59;;;;68;61
159;0;1.5614756643805785;13-01-2021 09:33:58;;;;53;27
160;1;0.8635125680362408;16-02-2021 12:20:33;29-03-2021 13:28:26;03-04-2021 04:50:54;06-05-2021 22:06:26;38;51
161;-1;0.6252556008345167;23-01-2021 18:29:33;10-03-2021 15:44:54;24-04-2021 06:03:10;25-05-2021 21:35:11;94;38
162;0;0.17052264980752427;03-01-2021 07:59:56;;;;41;26
163;2;1.5170489586137026;17-02-2021 08:04:15;06-03-2021 19:06:27;09-04-2021 20:37:16;15-05-2021 05:36:04;27;18
164;0;2.0130357910860024;18-01-2021 16:44:47;;;;39;59
165;1;0.20146108793720013;27-02-2021 02:26:08;01-03-2021 22:55:54;07-04-2021 01:56:58;29-05-2021 05:06:31;26;77
166;2;2.444150206542177;27-01-2021 12:21:43;16-03-2021 19:57:20;21-04-2021 21:33:21;13-05-2021 09:40:09;56;26
167;2;1.6296197131309196;18-02-2021 15:23:47;18-03-2021 22:22:02;21-04-2021 10:08:52;19-05-2021 17:54:29;99;26
168;-1;1.9430421113607466;25-01-2021 09:39:50;21-03-2021 04:57:21;24-04-2021 16:23:31;16-05-2021 18:24:52;86;57
169;1;2.968632450121007;09-02-2021 14:04:41;03-03-2021 13:56:19;17-04-2021 08:19:07;17-05-2021 02:16:40;29;93
170;-1;1.0249502573531553;22-01-2021 06:53:05;03-03-2021 03:38:51;22-04-2021 01:46:02;20-05-2021 09:57:40;11;19
171;2;2.5652711757285926;15-01-2021 19:49:14;19-03-2021 22:01:54;12-04-2021 13:54:25;02-05-2021 16:48:54;78;91
172;-1;0.7452741927192235;05-02-2021 14:07:45;29-03-2021 15:30:23;29-04-2021 11:46:34;08-05-2021 20:46:59;99;21
173;-1;1.678493554226575;21-01-2021 09:19:29;29-03-2021 21:33:48;11-04-2021 19:37:16;06-05-2021 06:51:12;73;94
174;1;2.5134441975266757;12-01-2021 10:34:50;19-03-2021 07:45:24;03-04-2021 20:51:36;07-05-2021 22:15:15;65;30
175;-1;2.1428290185084973;12-01-2021 16:23:15;25-03-2021 06:24:44;16-04-2021 14:02:38;06-05-2021 08:51:19;80;69
176;0;3.1020125553144187;05-02-2021 20:34:15;;;;40;52
177;2;1.1100788507927806;18-02-2021 19:37:53;19-03-2021 12:21:30;14-04-2021 11:31:57;10-05-2021 14:31:51;52;80
178;2;0.5420389465042263;26-01-2021 04:18:32;18-03-2021 18:56:01;29-04-2021 01:37:12;31-05-2021 06:29:03;78;7
179;-1;1.0567214015859638;30-01-2021 02:33:22;30-03-2021 06:44:35;08-04-2021 10:13:50;14-05-2021 12:24:33;90;6
180;0;0.22081151894659895;18-02-2021 12:45:04;;;;23;20
181;-1;2.7070914554892367;14-01-2021 17:01:52;27-03-2021 16:38:30;19-04-2021 19:59:05;18-05-2021 20:30:23;47;32
182;0;2.769516252262409;03-02-2021 09:36:11;;;;28;64
183;0;2.305376877881096;19-02-2021 11:57:33;;;;88;92
184;1;0.09683914019871827;18-02-2021 23:28:03;02-03-2021 20:37:46;16-04-2021 03:15:50;25-05-2021 13:23:53;88;71
185;1;0.635227809677235;28-02-2021 13:45:34;12-03-2021 10:38:50;12-04-2021 23:53:04;21-05-2021 01:52:47;57;33
186;-1;0.0946372259288322;05-01-2021 07:53:26;21-03-2021 05:41:58;08-04-2021 16:23:51;05-05-2021 03:11:21;47;53
187;1;2.6189389837070665;29-01-2021 12:32:33;07-03-2021 22:15:53;23-04-2021 09:36:10;11-05-2021 18:02:41;39;22
188;-1;1.4184593443249494;28-02-2021 22:33:38;22-03-2021 17:51:57;19-04-2021 23:33:04;25-05-2021 09:56:32;55;33
189;0;2.7800527673164184;06-02-2021 17:05:29;;;;66;23
190;2;1.858288875967374;24-01-2021 01:27:28;16-03-2021 01:23:36;05-04-2021 02:33:44;07-05-2021 20:35:00;67;50
191;-1;2.8059173664981496;06-02-2021 13:40:15;30-03-2021 08:26:42;05-04-2021 13:36:19;10-05-2021 08:47:42;26;60
192;0;0.3125433780187643;04-01-2021 06:28:04;;;;50;59
193;1;1.8940363525866577;17-01-2021 21:31:35;06-03-2021 05:59:46;21-04-2021 21:07:09;17-05-2021 11:37:59;78;55
194;1;1.7374525540638945;09-02-2021 05:49:30;06-03-2021 07:17:24;02-04-2021 22:52:40;13-05-2021 21:59:27;82;36
195;2;1.3273010070540459;03-01-2021 10:17:03;04-03-2021 07:57:24;10-04-2021 21:36:38;11-05-2021 10:32:53;55;53
196;0;1.2553973526456774;03-01-2021 01:04:20;;;;49;73
197;2;2.1202799553457266;13-01-2021 01:32:22;16-03-2021 16:25:54;05-04-2021 20:57:20;11-05-2021 03:16:44;60;77
198;2;1.463490684660085;14-02-2021 08:02:09;30-03-2021 07:38:54;08-04-2021 11:46:43;28-05-2021 21:54:05;65;51
199;-1;0.05056343046496102;06-01-2021 05:39:31;02-03-2021 11:19:12;24-04-2021 21:58:44;19-05-2021 05:04:20;4;74
200;1;2.838612052838627;04-02-2021 02:44:07;17-03-2021 00:24:20;16-04-2021 00:57:05;07-05-2021 04:07:33;26;26
201;0;0.41282904356063993;26-01-2021 13:14:20;;;;86;28
202;2;2.4135286459216125;09-02-2021 02:16:25;10-03-2021 11:14:43;03-04-2021 09:41:16;09-05-2021 04:32:59;73;1
203;0;0.20121018813118205;13-01-2021 18:29:35;;;;34;55
204;0;2.9000054578400896;01-02-2021 20:26:45;;;;69;6
205;0;1.1319491039585825;12-02-2021 21:09:15;;;;43;59
206;-1;0.43856900151424144;29-01-2021 08:17:03;12-03-2021 13:22:38;19-04-2021 21:02:04;13-05-2021 18:03:36;67;44
207;0;2.7443346802122606;13-02-2021 07:27:56;;;;34;70
208;2;0.9387770605189459;06-02-2021 11:31:14;02-03-2021 12:24:25;10-04-2021 15:06:10;24-05-2021 16:09:53;34;89
209;2;1.6179790773509966;01-03-2021 04:55:57;13-03-2021 18:29:44;29-04-2021 21:38:59;23-05-2021 04:55:00;55;77
210;0;0.8987561790362992;21-01-2021 15:19:50;;;;6;88
211;0;1.0173066039994514;19-01-2021 12:24:35;;;;12;29
212;1;0.07085911511766532;11-02-2021 23:25:45;06-03-2021 05:58:02;11-04-2021 12:59:22;07-05-2021 04:56:10;77;80
213;0;2.999398257954657;20-01-2021 11:38:46;;;;30;22
214;0;1.0761240178913754;09-01-2021 13:06:42;;;;61;46
215;-1;0.2402115687223902;03-01-2021 06:50:33;29-03-2021 01:13:59;15-04-2021 21:59:36;11-05-2021 17:19:15;13;77
216;0;3.032530343023964;26-01-2021 18:26:49;;;;63;73
217;-1;0.42687009667269654;29-01-2021 05:21:29;08-03-2021 10:08:36;25-04-2021 19:03:12;21-05-2021 02:33:05;68;83
218;1;0.8362113498735763;27-01-2021 18:21:52;28-03-2021 10:10:07;12-04-2021 15:05:12;10-05-2021 16:02:49;92;71
219;-1;1.1616331774261934;03-01-2021 08:18:15;09-03-2021 09:38:36;26-04-2021 16:42:31;07-05-2021 21:15:38;1;34
220;1;1.8847211348773585;13-02-2021 22:25:09;03-03-2021 14:28:44;05-04-2021 23:03:02;06-05-2021 19:39:07;91;81
221;0;2.4013768237842728;17-02-2021 18:53:43;;;;60;77
222;-1;1.5990443310620681;18-02-2021 18:17:55;02-03-2021 18:31:23;16-04-2021 02:03:25;30-05-2021 10:28:36;50;73
223;0;1.4652542165521303;14-02-2021 07:16:51;;;;60;13
224;0;2.046293653014718;09-02-2021 12:33:50;;;;82;30
225;2;1.502385640200154;29-01-2021 00:56:35;25-03-2021 21:56:14;02-04-2021 06:15:12;10-05-2021 00:15:04;79;35
226;0;0.8950023462270605;26-02-2021 22:22:54;;;;36;57
227;2;0.006595032779823551;10-02-2021 11:32:27;02-03-2021 12:55:33;10-04-2021 02:42:22;05-05-2021 18:57:35;84;89
228;-1;1.3797263925089776;24-02-2021 06:16:06;20-03-2021 14:46:08;13-04-2021 14:24:32;27-05-2021 22:31:12;13;83
229;1;0.7570808256007002;06-01-2021 21:02:26;14-03-2021 04:34:54;30-04-2021 07:16:51;07-05-2021 00:05:46;79;58
230;2;1.4283335643641801;16-01-2021 21:52:35;06-03-2021 18:40:35;25-04-2021 07:33:34;15-05-2021 14:34:53;57;71
231;1;1.6025426296104623;22-02-2021 18:23:39;14-03-2021 11:00:37;17-04-2021 20:18:25;20-05-2021 04:43:34;60;5
232;0;2.4351757489907904;05-01-2021 02:48:25;;;;22;90
233;1;1.4154869458938546;15-01-2021 21:45:15;04-03-2021 01:05:03;22-04-2021 09:16:16;10-05-2021 07:11:23;34;30
234;0;0.7332783904962347;15-01-2021 05:44:45;;;;73;12
235;-1;2.3602979001199715;23-02-2021 15:10:35;07-03-2021 02:09:49;30-04-2021 04:06:38;08-05-2021 19:59:58;92;73
236;0;3.0200806216837317;06-02-2021 21:11:15;;;;63;87
237;2;1.6949211026378006;14-02-2021 02:05:07;08-03-2021 12:43:18;28-04-2021 06:51:32;26-05-2021 14:33:11;49;74
238;-1;2.5917695665297305;11-02-2021 17:31:54;06-03-2021 05:47:45;27-04-2021 12:50:57;06-05-2021 10:13:32;13;65
239;1;0.7126149821121222;06-01-2021 02:35:34;07-03-2021 07:49:48;17-04-2021 23:09:31;09-05-2021 10:33:31;30;74
240;2;2.6729306769730177;30-01-2021 21:33:05;23-03-2021 16:08:11;23-04-2021 15:30:13;29-05-2021 06:30:14;36;73
241;-1;2.345352907660281;06-02-2021 22:31:35;17-03-2021 01:27:50;22-04-2021 22:57:30;25-05-2021 01:55:34;76;33
242;2;0.4706606292557932;14-01-2021 05:32:56;03-03-2021 18:34:59;02-04-2021 13:45:50;28-05-2021 23:03:59;29;14
243;2;2.651772000370633;11-02-2021 12:33:31;13-03-2021 08:08:39;03-04-2021 07:57:32;05-05-2021 17:24:17;1;77
244;-1;0.01343536734490357;23-01-2021 01:51:01;07-03-2021 22:03:39;08-04-2021 03:11:20;10-05-2021 19:24:13;66;5
245;0;2.3626768803061493;28-02-2021 07:03:15;;;;15;13
246;0;0.25146757983517526;07-02-2021 18:27:01;;;;69;3
247;1;0.39592178236338593;15-02-2021 17:26:28;15-03-2021 16:41:03;17-04-2021 18:01:38;16-05-2021 03:44:32;74;59
248;-1;3.070427092591455;24-01-2021 02:15:26;14-03-2021 03:29:31;13-04-2021 04:56:35;17-05-2021 19:15:05;72;17
249;0;3.0567932857458233;06-02-2021 03:14:24;;;;7;70
250;2;2.4094523072159837;16-02-2021 19:22:03;08-03-2021 17:12:42;20-04-2021 20:55:58;23-05-2021 15:31:35;88;63
251;0;0.3180022431194738;14-01-2021 14:50:47;;;;59;63
252;1;2.637069249721319;13-01-2021 23:58:49;11-03-2021 21:28:58;29-04-2021 01:51:24;19-05-2021 11:35:40;41;69
253;2;0.5083113721909799;07-02-2021 03:02:18;04-03-2021 21:41:42;18-04-2021 02:39:45;18-05-2021 20:12:24;73;80
254;1;0.48218663183993254;10-02-2021 11:27:52;23-03-2021 00:55:17;05-04-2021 00:11:54;20-05-2021 17:30:04;98;50
255;0;1.1687331207596199;16-01-2021 13:53:16;;;;91;51
256;2;2.1253218282238433;17-02-2021 06:11:42;13-03-2021 00:01:06;11-04-2021 21:18:52;23-05-2021 03:01:51;75;28
257;1;2.748163138276696;21-01-2021 04:28:59;10-03-2021 07:37:35;29-04-2021 20:27:10;02-05-2021 23:12:40;34;94
258;0;0.6681819182317413;28-01-2021 06:45:38;;;;10;77
259;1;0.5186783335677706;22-01-2021 12:20:55;20-03-2021 22:20:56;27-04-2021 02:46:33;25-05-2021 22:34:42;88;58
260;1;2.7684838521305712;07-02-2021 09:01:29;09-03-2021 18:05:01;28-04-2021 15:25:48;10-05-2021 14:24:55;15;63
261;-1;0.4662473955094223;01-03-2021 15:34:07;09-03-2021 20:10:05;23-04-2021 14:35:19;16-05-2021 20:45:02;82;35
262;2;1.6173501189105783;20-01-2021 00:57:35;31-03-2021 00:30:22;22-04-2021 08:08:58;03-05-2021 20:47:03;34;23
263;-1;0.14592814251600641;18-02-2021 12:07:01;20-03-2021 07:51:23;08-04-2021 07:39:56;28-05-2021 14:08:45;50;59
264;1;2.4356224480716193;22-02-2021 10:23:44;07-03-2021 18:43:01;10-04-2021 20:30:34;16-05-2021 16:00:24;59;62
265;2;2.700625964831877;27-01-2021 11:24:33;07-03-2021 08:44:20;24-04-2021 16:38:25;12-05-2021 11:41:52;54;77
266;0;1.7873863286728915;24-01-2021 20:55:34;;;;12;15
267;2;0.2785246112256457;10-01-2021 11:23:48;16-03-2021 04:49:12;10-04-2021 02:03:29;31-05-2021 15:26:40;24;90
268;0;1.0649470982358544;20-02-2021 13:37:00;;;;32;43
269;0;0.7171776914472426;03-02-2021 13:41:36;;;;43;39
270;2;0.17110991187155672;23-02-2021 10:02:09;16-03-2021 13:59:35;12-04-2021 16:09:11;07-05-2021 07:33:58;11;38
271;1;1.3772502157221085;08-01-2021 10:33:11;13-03-2021 09:27:49;28-04-2021 12:51:11;21-05-2021 17:59:09;21;14
272;2;0.9251235012226601;16-02-2021 00:33:31;08-03-2021 21:42:33;04-04-2021 08:21:50;29-05-2021 23:36:46;100;52
273;1;1.5052787173164912;26-02-2021 10:10:05;23-03-2021 03:05:29;26-04-2021 15:36:35;02-05-2021 01:36:52;45;81
274;2;0.6510989825197293;28-01-2021 20:03:50;05-03-2021 20:36:54;24-04-2021 22:53:11;16-05-2021 06:06:10;97;96
275;0;0.4222843526805105;02-02-2021 21:03:42;;;;29;5
276;1;1.6445183960569276;14-01-2021 19:20:04;20-03-2021 09:35:13;29-04-2021 00:39:38;21-05-2021 10:24:29;86;39
277;0;3.079842193524847;15-02-2021 12:02:24;;;;50;13
278;1;0.31578525779098254;22-01-2021 06:04:22;04-03-2021 17:48:14;03-04-2021 14:44:17;02-05-2021 00:25:49;45;32
279;2;1.046069457594504;31-01-2021 03:55:11;07-03-2021 22:03:33;04-04-2021 21:03:15;22-05-2021 21:18:35;19;10
280;1;0.005989051212826429;15-02-2021 05:38:39;12-03-2021 13:18:36;29-04-2021 08:32:30;12-05-2021 20:41:13;11;74
281;0;2.133475536670493;06-01-2021 00:45:14;;;;5;28
282;-1;0.5913848823705976;11-01-2021 03:18:47;13-03-2021 18:13:45;10-04-2021 22:13:34;09-05-2021 22:14:17;5;5
283;0;2.1606347935593027;24-01-2021 09:52:49;;;;32;63
284;-1;2.7770315750969683;05-01-2021 19:42:58;27-03-2021 03:57:51;06-04-2021 08:10:45;17-05-2021 22:40:53;1;69
285;2;1.0807490695325803;25-01-2021 17:15:16;15-03-2021 00:18:47;29-04-2021 19:52:17;03-05-2021 04:41:09;41;15
286;1;0.34103421897996195;16-01-2021 15:27:21;03-03-2021 09:08:49;16-04-2021 02:20:05;24-05-2021 01:08:45;91;53
287;-1;1.0690789110543328;01-02-2021 06:36:44;30-03-2021 12:25:48;21-04-2021 23:48:12;25-05-2021 09:11:07;84;25
288;-1;0.2694458404093529;11-01-2021 15:11:31;18-03-2021 21:17:33;25-04-2021 18:15:35;23-05-2021 17:26:07;100;89
289;-1;2.577866927780581;07-02-2021 03:48:14;08-03-2021 12:52:20;03-04-2021 04:49:28;13-05-2021 13:29:52;3;52
290;1;1.4976519782352222;03-02-2021 00:43:25;24-03-2021 14:49:09;20-04-2021 03:05:17;04-05-2021 20:13:49;2;45
291;1;3.0622282253969275;08-01-2021 19:22:45;03-03-2021 02:27:19;10-04-2021 06:14:00;05-05-2021 00:11:06;1;62
292;0;0.5099335814629534;27-02-2021 16:50:38;;;;30;98
293;-1;2.8928924651229395;30-01-2021 09:33:49;14-03-2021 11:45:35;15-04-2021 10:52:30;10-05-2021 12:53:53;43;23
294;0;0.939485899470006;08-02-2021 18:55:51;;;;88;89
295;2;1.0054662423150131;18-02-2021 03:23:45;26-03-2021 11:52:05;06-04-2021 16:25:48;29-05-2021 00:20:10;39;60
296;1;1.0312650370526952;23-02-2021 08:28:16;26-03-2021 18:57:59;30-04-2021 02:01:50;12-05-2021 17:48:36;79;95
297;-1;2.6304658147709072;28-02-2021 18:40:09;07-03-2021 08:44:29;21-04-2021 16:54:36;15-05-2021 04:46:55;64;92
298;0;1.2114836466728343;24-01-2021 05:46:03;;;;94;43
299;0;3.0462024773197496;19-01-2021 22:55:11;;;;26;67
300;1;0.2361965846547643;11-01-2021 10:57:57;15-03-2021 20:01:46;05-04-2021 04:09:07;15-05-2021 07:45:16;53;40
301;0;0.7280217321356144;13-02-2021 03:22:56;;;;91;18
302;0;1.14776221330658;16-01-2021 03:13:34;;;;57;75
303;1;0.11354382777515148;13-01-2021 21:34:47;17-03-2021 17:45:17;21-04-2021 15:10:35;17-05-2021 03:32:10;22;11
304;-1;2.218070430043806E-4;07-02-2021 08:48:01;21-03-2021 06:55:33;21-04-2021 22:06:48;11-05-2021 23:05:59;23;43
305;2;2.97419821730947;23-01-2021 17:08:32;08-03-2021 08:41:56;12-04-2021 07:05:53;19-05-2021 00:43:13;24;40
306;1;1.2765660894896405;17-01-2021 23:10:31;12-03-2021 18:30:52;07-04-2021 17:19:43;20-05-2021 16:00:01;41;20
307;0;2.342531766010369;03-01-2021 03:38:56;;;;100;64
308;1;0.5546718002895368;24-02-2021 07:10:29;11-03-2021 15:19:56;26-04-2021 09:12:16;02-05-2021 16:33:49;92;29
309;0;1.6242211892702787;04-02-2021 00:35:18;;;;65;27
310;-1;2.315603625756131;16-02-2021 03:40:34;20-03-2021 04:39:59;10-04-2021 01:31:37;02-05-2021 10:59:29;4;69
311;2;0.7427032781129259;04-02-2021 12:21:06;06-03-2021 17:25:42;05-04-2021 15:45:39;06-05-2021 18:45:00;24;8
312;1;1.6063900870027292;29-01-2021 09:24:29;09-03-2021 07:08:14;23-04-2021 11:26:16;07-05-2021 15:07:57;4;22
313;-1;0.44295053400499146;07-01-2021 01:39:45;25-03-2021 22:34:07;02-04-2021 10:33:41;14-05-2021 01:55:27;48;23
314;0;2.372235595882675;24-02-2021 15:47:28;;;;21;12
315;0;2.9207480331553772;03-01-2021 15:05:35;;;;71;60
316;2;0.9854170287228307;19-01-2021 14:08:51;16-03-2021 09:02:22;16-04-2021 20:11:46;18-05-2021 22:27:50;34;71
317;2;2.323617757115717;11-01-2021 08:31:55;08-03-2021 04:32:16;27-04-2021 17:46:16;20-05-2021 16:57:47;11;63
318;1;0.4040760707020155;07-02-2021 21:29:06;08-03-2021 02:31:29;19-04-2021 12:59:35;23-05-2021 20:51:49;59;18
319;2;2.1094016046534967;25-02-2021 07:31:35;12-03-2021 02:04:25;12-04-2021 05:22:51;08-05-2021 20:14:04;79;80
320;2;2.5543156284388346;14-02-2021 01:48:14;18-03-2021 15:27:06;10-04-2021 08:07:36;26-05-2021 21:33:28;9;29
321;-1;1.7561520299420441;18-01-2021 19:00:27;22-03-2021 13:44:13;17-04-2021 14:22:39;08-05-2021 23:06:38;36;71
322;1;2.9773255580638653;28-02-2021 00:46:55;28-03-2021 06:17:44;09-04-2021 11:48:28;31-05-2021 14:28:30;57;68
323;0;2.991265043791398;25-01-2021 01:42:37;;;;73;68
324;-1;0.8371348547111986;21-02-2021 04:12:17;18-03-2021 10:28:36;12-04-2021 04:47:39;09-05-2021 09:13:37;65;82
325;0;1.2629013391653159;28-01-2021 12:58:42;;;;94;54
326;0;0.1871779361096813;05-02-2021 08:17:58;;;;95;56
327;-1;0.686952253648945;29-01-2021 20:07:14;25-03-2021 02:47:33;10-04-2021 11:10:52;08-05-2021 03:45:10;51;76
328;0;2.4479342548616265;08-01-2021 00:11:59;;;;89;79
329;-1;3.013078550400746;28-02-2021 03:10:59;27-03-2021 18:30:50;17-04-2021 14:53:50;10-05-2021 02:09:37;51;84
330;1;1.1683502616727026;07-02-2021 12:16:44;29-03-2021 18:26:13;15-04-2021 19:54:16;02-05-2021 08:47:53;99;16
331;0;2.5657371425006543;15-02-2021 15:08:31;;;;25;10
332;0;1.740456893321606;27-02-2021 11:53:51;;;;57;94
333;-1;1.7829735184146847;05-01-2021 23:42:48;28-03-2021 14:59:20;18-04-2021 17:01:32;19-05-2021 03:44:59;53;75
334;1;2.1673107079058522;01-03-2021 16:49:55;02-03-2021 09:27:31;10-04-2021 12:16:06;09-05-2021 19:21:53;4;52
335;1;1.4100914561602689;17-01-2021 14:16:07;13-03-2021 15:14:19;09-04-2021 11:36:55;04-05-2021 13:33:20;55;22
336;-1;2.132583870162563;06-02-2021 02:13:14;10-03-2021 15:46:09;20-04-2021 10:52:10;11-05-2021 11:18:00;28;32
337;0;2.8451659427295;19-02-2021 07:58:28;;;;98;93
338;2;0.9512032891493777;09-01-2021 05:13:04;20-03-2021 17:03:53;14-04-2021 10:18:18;25-05-2021 07:32:57;72;54
339;1;1.5879435978034755;31-01-2021 04:03:58;31-03-2021 20:55:21;27-04-2021 22:32:32;03-05-2021 06:54:50;78;27
340;2;1.6152098663340293;02-01-2021 02:37:26;27-03-2021 07:24:05;25-04-2021 12:31:29;08-05-2021 18:18:32;61;53
341;1;3.1003615552205748;14-02-2021 15:46:15;09-03-2021 08:43:28;14-04-2021 21:04:37;09-05-2021 01:38:07;69;37
342;1;1.1774863914866787;08-02-2021 16:23:11;25-03-2021 14:51:18;15-04-2021 19:51:01;30-05-2021 07:30:27;17;59
343;-1;1.6180985680448554;05-01-2021 19:48:01;04-03-2021 19:20:23;28-04-2021 00:00:01;15-05-2021 14:49:00;88;53
344;2;0.8159728602212644;27-01-2021 18:54:57;09-03-2021 04:57:44;11-04-2021 08:07:29;25-05-2021 05:05:49;16;42
345;1;2.7289666082613784;26-01-2021 06:31:29;18-03-2021 04:19:18;02-04-2021 02:51:57;08-05-2021 13:32:55;46;30
346;1;2.34647606087815;20-01-2021 16:30:08;16-03-2021 09:36:58;13-04-2021 18:21:12;06-05-2021 21:06:33;42;49
347;0;0.42963937509435185;21-01-2021 17:00:51;;;;51;66
348;2;2.2609751544544916;03-01-2021 22:29:45;13-03-2021 11:20:46;16-04-2021 12:00:29;31-05-2021 16:20:15;51;22
349;-1;0.470011037924869;15-01-2021 02:06:59;08-03-2021 09:01:41;06-04-2021 12:43:33;14-05-2021 13:19:38;18;74
350;0;2.051992546622946;16-01-2021 23:00:54;;;;42;73
351;0;3.093853831709333;12-01-2021 08:39:13;;;;32;26
352;2;2.0742723685334172;13-02-2021 11:48:07;31-03-2021 18:07:41;03-04-2021 07:45:28;22-05-2021 15:37:27;68;25
353;-1;1.475928020159962;26-01-2021 21:45:45;06-03-2021 05:09:34;10-04-2021 18:52:18;07-05-2021 12:44:55;57;26
354;1;0.8382491183041847;06-01-2021 01:34:59;03-03-2021 06:40:29;27-04-2021 04:35:30;23-05-2021 06:02:45;13;78
355;2;1.556109702061549;24-01-2021 02:55:44;13-03-2021 12:21:55;27-04-2021 01:58:47;29-05-2021 07:09:35;80;76
356;0;1.8018427814846807;01-01-2021 22:30:21;;;;45;58
357;-1;0.9422855628135473;22-02-2021 00:49:49;16-03-2021 23:23:19;10-04-2021 20:59:51;17-05-2021 01:03:27;40;9
358;-1;2.404398823214675;31-01-2021 10:50:00;06-03-2021 00:07:13;20-04-2021 09:14:41;18-05-2021 15:38:11;48;77
359;2;2.997936575645489;18-02-2021 20:54:54;23-03-2021 05:48:17;14-04-2021 15:11:11;05-05-2021 17:01:27;84;34
360;2;2.6596247425687776;18-02-2021 05:54:14;21-03-2021 03:05:43;07-04-2021 00:36:01;23-05-2021 13:30:19;31;53
361;2;1.8183905670372573;07-01-2021 06:33:57;21-03-2021 23:51:14;23-04-2021 14:40:50;15-05-2021 02:12:32;89;26
362;-1;2.381947882091454;07-01-2021 23:17:16;09-03-2021 02:19:56;26-04-2021 21:22:14;07-05-2021 02:25:22;77;5
363;1;1.0162530068711486;03-02-2021 03:36:07;19-03-2021 06:13:22;19-04-2021 11:48:38;22-05-2021 23:41:53;82;15
364;2;1.9612520257814434;10-02-2021 04:20:14;15-03-2021 16:59:46;01-04-2021 23:06:31;18-05-2021 22:47:18;83;12
365;2;0.17157672845719404;24-02-2021 16:50:29;13-03-2021 05:39:55;20-04-2021 02:31:48;09-05-2021 23:34:10;14;89
366;-1;0.4897068618617039;19-02-2021 02:11:08;26-03-2021 03:14:56;04-04-2021 01:40:53;04-05-2021 08:35:36;33;89
367;0;0.8661267377519307;16-01-2021 12:02:37;;;;48;97
368;1;2.4185325432953015;25-01-2021 16:14:10;04-03-2021 09:41:00;27-04-2021 05:24:02;06-05-2021 19:58:34;35;35
369;-1;2.8038429590700558;09-01-2021 18:13:59;14-03-2021 16:44:01;25-04-2021 12:57:24;08-05-2021 14:13:17;97;12
370;0;1.4849399309096287;22-02-2021 23:24:39;;;;37;42
371;1;2.790994254940841;25-02-2021 12:04:07;19-03-2021 15:48:07;09-04-2021 10:08:26;27-05-2021 11:58:18;80;21
372;0;1.314059718764227;01-02-2021 17:50:53;;;;31;83
373;1;2.1397101648094865;03-01-2021 09:22:36;30-03-2021 03:26:18;18-04-2021 23:48:46;18-05-2021 15:26:21;51;57
374;-1;0.3553624543287209;14-02-2021 11:17:33;24-03-2021 16:09:07;06-04-2021 01:53:34;06-05-2021 03:40:59;55;47
375;0;2.270361109522158;10-02-2021 02:27:32;;;;42;26
376;1;0.7168155346062862;20-02-2021 14:43:27;08-03-2021 13:42:53;30-04-2021 12:23:44;08-05-2021 02:01:57;53;7
377;-1;2.452469517989536;24-01-2021 01:29:22;26-03-2021 14:46:28;26-04-2021 22:34:25;22-05-2021 06:38:53;77;11
378;-1;2.988105100369242;04-02-2021 06:50:27;19-03-2021 21:03:36;14-04-2021 00:06:31;13-05-2021 01:58:48;32;67
379;1;1.51091101937904;15-01-2021 01:00:40;27-03-2021 08:57:11;25-04-2021 09:15:16;27-05-2021 16:06:30;98;33
380;2;0.9792307161761998;01-01-2021 23:18:23;30-03-2021 04:44:48;08-04-2021 00:58:39;02-05-2021 04:23:07;75;96
381;-1;1.4312691917401916;03-02-2021 14:24:17;04-03-2021 07:31:07;20-04-2021 17:01:52;15-05-2021 14:20:41;85;83
382;2;1.994810760111158;23-02-2021 05:34:23;08-03-2021 21:38:29;09-04-2021 14:01:23;02-05-2021 23:36:31;26;79
383;2;2.9791341396176856;23-01-2021 07:22:27;02-03-2021 01:37:12;06-04-2021 00:16:32;22-05-2021 10:10:38;26;100
384;-1;2.882720110903621;12-02-2021 22:18:54;10-03-2021 03:11:49;05-04-2021 16:15:19;14-05-2021 09:05:28;42;96
385;2;2.4621430340520196;14-01-2021 00:35:40;08-03-2021 03:33:35;29-04-2021 10:42:16;22-05-2021 21:10:48;79;2
386;-1;0.03164691600976891;19-02-2021 17:48:24;02-03-2021 07:07:18;21-04-2021 05:38:53;05-05-2021 16:26:07;38;11
387;-1;3.108276640441924;24-01-2021 10:39:05;31-03-2021 19:47:00;19-04-2021 20:10:28;21-05-2021 03:36:25;99;95
388;1;0.6395040915040762;09-01-2021 08:08:50;21-03-2021 04:23:42;30-04-2021 04:17:28;18-05-2021 18:55:02;83;13
389;0;0.6724756923880869;16-02-2021 08:03:43;;;;91;47
390;1;1.8482934104892658E-4;23-02-2021 21:08:19;03-03-2021 20:52:40;20-04-2021 05:26:01;28-05-2021 05:52:31;44;97
391;0;2.9236057550913532;26-01-2021 11:06:52;;;;50;31
392;1;1.5356312214723182;17-01-2021 01:57:28;20-03-2021 00:08:38;07-04-2021 08:51:16;24-05-2021 12:51:14;75;34
393;0;2.285544509928958;10-02-2021 19:34:44;;;;42;44
394;1;0.9884835753778293;03-01-2021 09:40:48;26-03-2021 15:13:29;10-04-2021 19:44:24;31-05-2021 07:12:02;94;31
395;2;1.1128219118031661;16-01-2021 01:41:23;27-03-2021 04:08:35;05-04-2021 21:38:10;14-05-2021 07:01:01;73;93
396;-1;1.091719746726883;19-02-2021 11:54:03;13-03-2021 18:49:46;24-04-2021 01:00:54;18-05-2021 18:17:36;51;69
397;0;0.08135492813657876;24-02-2021 21:32:43;;;;6;40
398;2;1.7516273769741546;13-01-2021 09:37:56;19-03-2021 01:15:03;18-04-2021 13:51:10;16-05-2021 07:51:44;43;12
399;2;2.4428224054163086;11-02-2021 06:38:56;05-03-2021 07:35:25;18-04-2021 09:03:59;09-05-2021 20:58:35;28;70
400;-1;0.28096205027701066;26-01-2021 19:24:58;10-03-2021 13:38:32;23-04-2021 05:09:03;27-05-2021 19:52:24;29;88
401;0;2.40664808885762;08-02-2021 14:24:56;;;;63;64
402;-1;3.116756835235114;27-01-2021 03:16:12;27-03-2021 00:06:43;17-04-2021 01:26:22;19-05-2021 11:15:15;94;66
403;2;0.16695800365420793;15-01-2021 22:07:28;20-03-2021 04:07:08;12-04-2021 06:10:38;03-05-2021 10:58:53;100;42
404;-1;1.4835439643771478;02-01-2021 03:28:51;09-03-2021 05:20:11;19-04-2021 13:26:45;26-05-2021 22:20:13;20;34
405;0;0.8639927061512178;07-02-2021 10:45:24;;;;83;47
406;0;1.9955936644032175;23-02-2021 07:54:14;;;;60;94
407;2;1.0692804922218353;09-01-2021 03:22:38;24-03-2021 11:30:55;16-04-2021 22:06:44;26-05-2021 02:23:53;35;43
408;-1;2.553024563961343;12-02-2021 20:10:15;03-03-2021 11:35:44;22-04-2021 20:36:44;10-05-2021 09:46:45;3;72
409;2;1.2495230988458987;23-01-2021 02:52:47;08-03-2021 23:32:02;02-04-2021 10:39:21;14-05-2021 06:09:48;15;32
410;-1;2.7444425354968596;13-01-2021 09:17:59;04-03-2021 10:26:36;12-04-2021 20:50:24;30-05-2021 13:00:04;77;55
411;-1;0.8903977350521048;24-02-2021 00:59:26;04-03-2021 01:39:58;19-04-2021 12:29:26;13-05-2021 14:35:15;67;79
412;0;0.22448145524031893;12-02-2021 06:31:43;;;;49;11
413;2;2.1897201699770803;22-01-2021 04:19:07;02-03-2021 15:14:39;11-04-2021 11:49:24;23-05-2021 08:37:42;49;14
414;2;1.115921572135194;22-01-2021 12:10:38;25-03-2021 14:08:54;26-04-2021 12:03:37;15-05-2021 03:47:17;21;70
415;-1;1.2593640412095102;06-02-2021 21:59:01;19-03-2021 02:08:14;14-04-2021 07:38:24;04-05-2021 22:15:34;63;54
416;1;0.21600821156938518;17-02-2021 05:53:52;02-03-2021 04:10:36;10-04-2021 23:42:09;18-05-2021 15:51:55;70;62
417;-1;2.4962097193758894;26-02-2021 00:38:46;10-03-2021 23:29:03;12-04-2021 05:37:47;27-05-2021 12:12:27;94;98
418;2;0.71265881560254;03-01-2021 01:56:51;23-03-2021 08:17:20;22-04-2021 20:37:05;16-05-2021 02:46:19;24;45
419;2;2.4869455209569598;04-01-2021 20:24:54;21-03-2021 20:26:56;24-04-2021 02:20:50;07-05-2021 16:06:55;11;88
420;0;2.1007685873822664;21-02-2021 03:30:39;;;;52;57
421;-1;2.289430949320825;22-02-2021 05:40:27;12-03-2021 13:02:15;20-04-2021 10:39:20;03-05-2021 06:30:01;6;17
422;0;1.536097563960503;28-02-2021 14:07:59;;;;44;54
423;-1;1.6435455306759241;26-01-2021 22:34:18;04-03-2021 06:35:21;22-04-2021 19:04:20;31-05-2021 12:04:45;30;97
424;1;3.0145816747652843;18-02-2021 16:57:00;23-03-2021 00:51:22;28-04-2021 17:48:30;09-05-2021 05:42:52;17;28
425;0;0.4452702257214898;16-01-2021 04:30:24;;;;75;55
426;-1;0.2744314626502016;17-02-2021 14:49:25;17-03-2021 16:39:20;11-04-2021 04:29:44;15-05-2021 08:22:47;5;79
427;2;0.4831709542613912;05-02-2021 17:48:10;14-03-2021 19:55:25;05-04-2021 17:12:00;11-05-2021 03:48:27;26;18
428;0;2.0185929865703964;01-03-2021 06:17:22;;;;89;86
429;0;2.7621664440250706;16-02-2021 00:08:51;;;;4;64
430;2;2.6006046120753488;07-01-2021 03:18:42;06-03-2021 22:48:03;20-04-2021 13:37:00;19-05-2021 20:39:47;74;59
431;1;0.6055348616492622;23-01-2021 08:21:23;08-03-2021 06:29:00;02-04-2021 02:10:47;15-05-2021 18:46:20;36;48
432;-1;0.8072427257644611;13-02-2021 09:43:13;12-03-2021 17:27:19;27-04-2021 23:43:43;02-05-2021 17:42:46;7;79
433;2;0.4024924150916957;31-01-2021 20:30:36;25-03-2021 19:54:23;04-04-2021 14:34:32;19-05-2021 02:33:10;75;82
434;2;0.09133181665598908;03-01-2021 21:51:58;10-03-2021 06:09:16;13-04-2021 05:15:15;31-05-2021 16:07:13;61;90
435;2;1.1253661596368971;13-02-2021 05:01:11;05-03-2021 04:35:30;26-04-2021 13:01:48;09-05-2021 02:23:33;10;25
436;-1;0.18071421701811727;04-02-2021 23:02:06;17-03-2021 02:01:58;24-04-2021 05:04:18;19-05-2021 17:49:25;5;29
437;-1;0.8669796910396563;08-01-2021 00:13:06;14-03-2021 00:37:37;13-04-2021 12:03:36;21-05-2021 06:58:56;71;28
438;1;2.1883786753203487;12-01-2021 11:31:42;05-03-2021 22:17:27;08-04-2021 22:17:52;18-05-2021 11:09:14;98;66
439;0;2.378446993839342;19-01-2021 11:54:14;;;;89;77
440;1;0.704432638458848;14-02-2021 20:07:25;22-03-2021 08:12:42;06-04-2021 07:38:31;25-05-2021 17:58:18;80;54
441;0;1.3139266831005252;21-01-2021 21:50:04;;;;8;57
442;-1;3.086897705783899;21-02-2021 20:46:35;25-03-2021 08:02:43;08-04-2021 10:53:16;27-05-2021 20:22:45;41;98
443;-1;1.196387087335037;05-01-2021 03:04:41;12-03-2021 11:08:31;17-04-2021 04:42:59;06-05-2021 20:33:41;7;72
444;-1;1.783745886552193;13-01-2021 12:38:11;18-03-2021 01:06:42;22-04-2021 16:21:54;10-05-2021 22:48:29;80;86
445;-1;2.63158605931788;17-02-2021 20:41:02;18-03-2021 01:00:28;08-04-2021 16:29:23;19-05-2021 17:21:41;45;83
446;-1;0.819805225308371;02-01-2021 13:52:12;08-03-2021 07:41:44;20-04-2021 04:46:56;05-05-2021 12:59:34;40;75
447;1;2.7421791311207167;03-02-2021 22:24:42;12-03-2021 06:59:17;12-04-2021 04:34:10;02-05-2021 11:00:48;37;7
448;-1;0.7484688846351353;10-01-2021 08:34:53;10-03-2021 17:34:39;25-04-2021 13:07:18;25-05-2021 20:51:48;20;65
449;-1;2.4373191485064702;20-01-2021 17:50:21;20-03-2021 19:37:43;16-04-2021 04:09:40;02-05-2021 07:41:25;46;47
450;-1;1.4628658048531875;14-02-2021 22:29:56;16-03-2021 09:20:53;02-04-2021 10:23:49;28-05-2021 02:20:13;86;41
451;2;2.8163820356153315;31-01-2021 18:44:09;14-03-2021 10:20:53;21-04-2021 05:43:20;14-05-2021 15:12:53;86;39
452;2;1.045098006140312;28-02-2021 00:43:10;23-03-2021 08:06:34;30-04-2021 11:00:03;20-05-2021 06:37:52;86;25
453;0;2.713401399956577;09-01-2021 13:06:51;;;;46;55
454;2;0.4844901714027485;26-02-2021 00:07:40;05-03-2021 08:22:31;19-04-2021 21:14:27;16-05-2021 03:38:48;78;93
455;-1;0.7035977120350195;26-02-2021 23:12:46;14-03-2021 10:50:39;26-04-2021 16:49:19;21-05-2021 05:43:26;2;68
456;2;0.7723583534419468;24-02-2021 13:29:59;02-03-2021 06:41:20;18-04-2021 21:54:30;27-05-2021 16:50:11;27;67
457;-1;1.408081488864834;14-01-2021 02:07:44;10-03-2021 14:19:31;21-04-2021 08:21:13;02-05-2021 05:09:55;24;66
458;1;0.6207311475818886;27-02-2021 17:47:33;09-03-2021 15:53:16;07-04-2021 21:15:52;29-05-2021 11:44:26;63;76
459;-1;2.6707443738312406;24-02-2021 21:36:38;03-03-2021 18:27:28;18-04-2021 21:29:47;23-05-2021 06:36:29;24;70
460;2;2.439014699106229;25-02-2021 03:43:39;12-03-2021 13:14:07;10-04-2021 15:31:03;14-05-2021 20:37:59;56;42
461;0;2.9041348329004335;22-01-2021 01:23:33;;;;83;84
462;0;0.7744648603232904;22-01-2021 21:54:58;;;;76;30
463;0;2.026758372414988;13-02-2021 11:51:13;;;;4;65
464;2;1.1564843736292245;22-02-2021 17:21:07;05-03-2021 21:56:13;26-04-2021 01:17:22;12-05-2021 07:45:26;79;29
465;1;1.7477108900350458;26-02-2021 04:36:31;24-03-2021 12:35:54;11-04-2021 20:58:45;14-05-2021 03:53:28;8;90
466;1;1.0919550002513727;10-02-2021 17:39:56;19-03-2021 05:59:05;21-04-2021 19:40:51;03-05-2021 09:26:12;32;38
467;1;2.0361984867113683;11-01-2021 19:53:46;18-03-2021 08:34:20;10-04-2021 19:46:36;29-05-2021 15:57:31;24;84
468;0;0.8839967282137705;02-01-2021 01:05:13;;;;90;35
469;-1;1.0492642214529049;04-02-2021 01:50:52;13-03-2021 06:58:00;25-04-2021 02:09:11;27-05-2021 01:16:53;24;72
470;1;1.9042776704152329;07-02-2021 06:05:11;30-03-2021 05:02:23;26-04-2021 21:27:45;29-05-2021 01:47:37;11;52
471;1;0.5981136481197402;11-01-2021 14:48:12;20-03-2021 17:47:03;30-04-2021 12:31:58;05-05-2021 21:36:09;42;100
472;2;1.527170049181183;12-01-2021 01:13:04;12-03-2021 11:52:39;13-04-2021 21:48:16;11-05-2021 15:34:36;51;3
473;0;1.1841431979607058;01-03-2021 16:03:23;;;;36;4
474;0;3.1020357799283294;24-02-2021 05:44:21;;;;46;71
475;1;3.0142449720872553;22-01-2021 11:57:50;17-03-2021 20:19:19;06-04-2021 12:41:51;11-05-2021 03:04:27;39;6
476;0;2.3299472007329483;19-02-2021 11:18:26;;;;63;79
477;-1;2.8095395755509194;25-01-2021 14:23:28;07-03-2021 23:32:25;25-04-2021 21:01:20;26-05-2021 20:11:00;62;19
478;-1;1.7536291821459604;09-01-2021 15:53:03;14-03-2021 20:33:27;02-04-2021 05:20:34;26-05-2021 12:26:47;86;100
479;1;1.5871178368812877;13-01-2021 02:29:24;07-03-2021 13:51:52;16-04-2021 11:23:27;05-05-2021 17:42:14;44;8
480;2;1.298899529480785;22-02-2021 18:54:09;07-03-2021 22:05:39;29-04-2021 07:00:46;16-05-2021 11:04:51;35;91
481;2;3.043101292890134;02-01-2021 05:20:55;12-03-2021 21:06:29;04-04-2021 00:57:50;13-05-2021 06:26:05;71;40
482;2;1.687010689436127;09-02-2021 16:19:06;09-03-2021 03:02:36;08-04-2021 02:19:30;22-05-2021 17:44:18;60;14
483;-1;0.6972226237173246;03-01-2021 19:39:06;20-03-2021 12:11:09;05-04-2021 01:09:59;05-05-2021 17:31:53;18;4
484;1;0.22668486476004726;14-01-2021 10:18:02;31-03-2021 07:17:00;04-04-2021 02:08:46;31-05-2021 13:02:21;20;28
485;1;1.3794264166779775;10-01-2021 03:48:34;27-03-2021 08:02:37;29-04-2021 19:31:53;18-05-2021 03:24:02;74;28
486;2;0.32210951926463255;12-01-2021 21:18:55;14-03-2021 06:24:48;02-04-2021 03:53:07;27-05-2021 13:14:35;95;80
487;0;1.9118371182228413;05-02-2021 08:30:42;;;;63;84
488;1;1.1435427001605334;24-02-2021 05:57:46;21-03-2021 06:45:58;30-04-2021 12:34:39;31-05-2021 01:18:36;42;18
489;0;2.381811313206858;14-01-2021 04:02:11;;;;44;97
490;-1;1.624073163685382;24-01-2021 08:01:00;09-03-2021 22:45:42;13-04-2021 03:04:34;06-05-2021 00:14:43;57;34
491;-1;2.359292768964156;20-01-2021 18:48:55;27-03-2021 08:46:57;04-04-2021 07:57:20;28-05-2021 02:38:01;57;11
492;1;2.366314565745089;16-01-2021 00:07:16;28-03-2021 11:47:36;12-04-2021 18:55:42;11-05-2021 01:44:12;22;45
493;-1;2.1058867245205977;09-02-2021 07:53:51;31-03-2021 08:41:21;17-04-2021 21:24:44;29-05-2021 22:03:05;35;55
494;-1;0.8380408037481204;11-02-2021 14:25:47;06-03-2021 03:21:22;15-04-2021 00:31:19;04-05-2021 09:11:03;86;69
495;0;1.1000009716008248;22-01-2021 02:23:14;;;;9;9
496;2;2.681294029181403;28-02-2021 18:14:58;09-03-2021 22:01:56;17-04-2021 07:49:05;21-05-2021 09:53:50;47;41
497;-1;0.4675955733159214;03-02-2021 16:30:58;24-03-2021 21:44:50;18-04-2021 23:01:16;18-05-2021 02:05:33;43;12
498;-1;1.5196665139203918;20-01-2021 23:07:06;26-03-2021 06:02:12;18-04-2021 21:19:26;18-05-2021 18:07:40;49;69
499;0;0.0977422008847684;16-02-2021 20:09:51;;;;33;88
500;2;2.3031138789623413;17-02-2021 16:52:55;29-03-2021 04:04:48;24-04-2021 07:10:08;03-05-2021 17:26:38;38;38
501;-1;1.2709676452660532;16-01-2021 18:04:23;19-03-2021 21:45:45;15-04-2021 17:28:08;29-05-2021 19:53:57;26;46
502;2;1.5662308184096838;02-01-2021 22:36:16;22-03-2021 07:32:31;09-04-2021 21:45:59;03-05-2021 02:31:41;64;38
503;1;1.223548970337684;01-03-2021 06:35:19;06-03-2021 19:55:14;05-04-2021 18:26:30;07-05-2021 13:55:22;73;86
504;0;0.02947358814046689;01-03-2021 12:45:37;;;;20;56
505;-1;2.115237050388145;05-01-2021 10:42:35;29-03-2021 00:02:01;28-04-2021 12:09:29;24-05-2021 02:13:39;77;9
506;0;2.9026331767603764;12-02-2021 18:26:29;;;;79;69
507;2;0.6261197021921333;03-01-2021 01:22:00;02-03-2021 19:02:58;28-04-2021 09:19:16;24-05-2021 04:23:25;57;73
508;-1;2.6930976921352774;10-01-2021 14:05:37;30-03-2021 07:06:40;12-04-2021 21:56:44;02-05-2021 01:09:23;96;57
509;2;2.6446709697270547;03-02-2021 05:26:00;19-03-2021 10:59:14;13-04-2021 18:47:12;04-05-2021 09:45:38;51;28
510;2;1.257317407004117;27-02-2021 09:12:07;20-03-2021 20:51:27;22-04-2021 14:55:14;05-05-2021 20:49:16;34;79
511;2;0.31510131662014323;03-02-2021 21:35:50;28-03-2021 23:40:47;18-04-2021 12:48:16;08-05-2021 19:16:08;45;56
512;0;2.1791469744877743;06-01-2021 21:46:00;;;;74;72
513;1;0.5929918010910337;16-01-2021 05:54:31;14-03-2021 05:54:03;09-04-2021 08:51:46;14-05-2021 07:26:43;30;26
514;1;2.6827778194559437;12-02-2021 06:38:53;14-03-2021 12:06:52;27-04-2021 19:23:03;04-05-2021 05:10:36;56;23
515;0;1.3093294728137064;03-02-2021 01:03:12;;;;6;70
516;2;1.2984479723765594;29-01-2021 10:00:50;21-03-2021 04:46:53;14-04-2021 05:14:27;13-05-2021 20:00:19;16;36
517;2;0.5262974653323009;06-01-2021 23:23:05;18-03-2021 08:09:37;18-04-2021 19:52:35;16-05-2021 04:28:40;25;27
518;0;1.3773213535152573;10-01-2021 21:56:45;;;;72;63
519;0;2.386714544221167;14-02-2021 14:26:45;;;;74;40
520;-1;1.2241985358637728;11-01-2021 15:00:02;25-03-2021 03:14:45;25-04-2021 21:18:59;18-05-2021 23:33:21;72;34
521;-1;2.438333866354426;28-02-2021 21:40:35;28-03-2021 00:35:37;22-04-2021 05:55:00;09-05-2021 07:42:07;58;20
522;-1;2.8225300965713744;11-02-2021 18:43:04;27-03-2021 01:43:42;28-04-2021 22:47:24;27-05-2021 20:48:30;78;95
523;-1;0.5738759667876446;22-01-2021 18:42:38;06-03-2021 18:08:31;26-04-2021 15:03:58;10-05-2021 07:28:23;20;94
524;2;2.1473225846258597;19-01-2021 14:44:00;02-03-2021 21:44:33;21-04-2021 20:12:31;25-05-2021 06:24:00;47;67
525;-1;1.0080678885658692;12-02-2021 19:48:31;09-03-2021 14:41:31;26-04-2021 10:17:48;23-05-2021 03:38:08;99;24
526;0;2.16646666577638;17-01-2021 14:48:24;;;;14;96
527;0;2.756308245021729;14-02-2021 07:59:15;;;;88;3
528;0;0.29209540116247124;06-01-2021 14:43:38;;;;67;31
529;1;3.1110897565536595;15-02-2021 23:47:49;04-03-2021 15:08:42;13-04-2021 07:15:54;14-05-2021 09:14:37;77;99
530;-1;2.6239268769733344;21-01-2021 00:57:48;27-03-2021 17:50:49;12-04-2021 15:52:53;18-05-2021 14:00:20;78;77
531;0;2.16678728690933;10-02-2021 07:07:38;;;;74;100
532;-1;0.1887636902630125;18-02-2021 06:43:30;08-03-2021 11:02:01;02-04-2021 15:59:22;13-05-2021 19:05:25;29;11
533;2;1.036207102928328;18-01-2021 16:27:23;07-03-2021 13:53:23;06-04-2021 04:43:34;03-05-2021 19:51:35;54;65
534;0;1.9431532265804676;17-01-2021 12:24:47;;;;23;12
535;1;0.11818392346171462;25-02-2021 11:00:09;31-03-2021 20:46:29;09-04-2021 21:38:58;11-05-2021 18:44:28;79;51
536;2;2.325182039118256;01-03-2021 13:36:02;08-03-2021 08:17:59;25-04-2021 06:47:20;05-05-2021 09:21:19;77;1
537;0;2.4169199345958727;05-02-2021 18:53:43;;;;17;78
538;1;2.1707774330041874;24-01-2021 20:06:57;30-03-2021 22:36:19;23-04-2021 16:27:16;08-05-2021 08:05:28;89;30
539;1;1.2973026153566127;22-01-2021 21:47:09;19-03-2021 19:20:32;02-04-2021 18:10:28;27-05-2021 11:11:11;81;10
540;-1;1.3138152569206607;30-01-2021 19:24:44;21-03-2021 07:05:48;03-04-2021 16:26:42;06-05-2021 14:19:04;28;69
541;0;2.2826842272478323;01-02-2021 02:50:18;;;;53;78
542;0;1.0139799716845082;15-02-2021 23:32:08;;;;51;58
543;-1;0.2608126271684417;05-01-2021 05:27:04;28-03-2021 22:28:41;17-04-2021 06:46:03;25-05-2021 12:52:42;82;76
544;1;0.7861327012493475;11-02-2021 17:07:30;27-03-2021 23:53:49;12-04-2021 09:13:39;09-05-2021 02:43:00;47;58
545;0;0.9755553441341606;01-02-2021 08:21:53;;;;33;16
546;2;2.8996916797199326;03-01-2021 09:38:13;19-03-2021 09:01:12;09-04-2021 13:39:53;24-05-2021 16:32:47;92;94
547;1;0.9122161586947415;06-01-2021 20:37:39;09-03-2021 23:14:13;24-04-2021 20:54:32;20-05-2021 12:34:42;65;31
548;1;0.8523008420070135;10-01-2021 06:03:20;17-03-2021 12:26:56;07-04-2021 13:22:47;26-05-2021 17:48:38;46;28
549;0;2.402220593914488;20-01-2021 08:58:02;;;;77;60
550;0;1.859821015872136;12-01-2021 07:38:35;;;;68;3
551;-1;1.2444123568876273;20-02-2021 23:08:26;02-03-2021 06:37:07;08-04-2021 03:37:59;24-05-2021 19:25:15;85;4
552;0;1.7635057746881566;07-01-2021 07:07:06;;;;93;38
553;-1;1.7442943724473532;25-02-2021 15:19:16;23-03-2021 20:21:10;18-04-2021 11:32:10;31-05-2021 03:06:04;15;23
554;-1;1.7546093626725436;21-01-2021 20:35:31;09-03-2021 00:18:54;04-04-2021 05:20:04;07-05-2021 12:59:13;63;57
555;-1;2.555765649639451;29-01-2021 17:07:54;28-03-2021 05:41:04;13-04-2021 21:42:12;03-05-2021 16:30:47;6;68
556;0;2.1442883408470963;29-01-2021 01:41:17;;;;38;90
557;0;2.1601903757292824;06-01-2021 13:18:20;;;;63;47
558;2;2.2483025573660655;16-01-2021 14:31:35;10-03-2021 21:28:31;23-04-2021 20:44:02;25-05-2021 08:11:23;47;73
559;2;0.1560264215762605;24-02-2021 03:34:05;10-03-2021 20:11:16;18-04-2021 05:20:26;19-05-2021 06:47:47;76;94
560;2;2.2171665000979917;12-02-2021 19:55:20;31-03-2021 07:38:58;29-04-2021 08:40:16;03-05-2021 02:03:53;66;57
561;1;1.8450370928618585;08-01-2021 22:11:47;05-03-2021 20:14:46;18-04-2021 23:10:02;30-05-2021 23:42:16;24;8
562;0;0.6743125535090237;16-01-2021 16:04:48;;;;50;22
563;1;1.3653979318524363;14-02-2021 13:19:15;18-03-2021 18:07:01;03-04-2021 19:08:06;31-05-2021 03:10:29;31;34
564;1;2.6943214808909066;16-02-2021 01:10:53;24-03-2021 01:47:00;26-04-2021 12:34:07;18-05-2021 03:42:11;54;44
565;2;0.6195176030635414;08-01-2021 11:02:10;12-03-2021 15:15:09;15-04-2021 18:38:56;05-05-2021 14:10:20;7;37
566;1;1.3450375774064054;12-01-2021 10:07:36;21-03-2021 07:48:56;09-04-2021 19:29:48;23-05-2021 14:26:41;45;35
567;1;1.6902244948703928;05-01-2021 10:58:31;14-03-2021 06:34:26;11-04-2021 21:35:49;05-05-2021 02:56:45;23;1
568;2;1.1127575726803378;25-01-2021 08:27:45;11-03-2021 18:51:49;13-04-2021 15:00:32;28-05-2021 00:42:02;31;20
569;0;0.24462874041304353;19-01-2021 14:35:00;;;;64;95
570;-1;0.6768457531654206;02-01-2021 20:51:03;29-03-2021 08:50:27;11-04-2021 04:19:40;23-05-2021 17:48:01;47;1
571;1;1.4135520948692926;18-02-2021 16:27:11;05-03-2021 05:38:36;27-04-2021 17:59:57;22-05-2021 23:35:53;56;52
572;2;2.5924960355418287;25-01-2021 06:27:17;06-03-2021 06:16:34;28-04-2021 09:57:35;26-05-2021 01:24:26;46;92
573;1;1.377516066823672;14-01-2021 11:02:24;06-03-2021 13:27:15;13-04-2021 17:08:13;26-05-2021 09:41:33;14;65
574;1;2.3063672811980998;13-02-2021 22:27:14;04-03-2021 12:54:58;06-04-2021 06:29:15;03-05-2021 06:16:11;96;31
575;0;0.7625047485391946;27-02-2021 18:47:38;;;;5;94
576;2;2.809256840237211;30-01-2021 17:53:04;05-03-2021 18:37:17;04-04-2021 14:10:57;20-05-2021 18:51:09;83;70
577;0;0.601163463190421;26-02-2021 12:12:12;;;;21;18
578;2;2.8921793262938214;07-01-2021 06:10:51;02-03-2021 03:59:31;10-04-2021 00:14:53;16-05-2021 22:28:25;18;74
579;2;0.02009808714645056;19-01-2021 18:26:37;14-03-2021 22:58:05;08-04-2021 10:05:09;03-05-2021 03:37:45;16;55
580;0;1.9026097643376132;21-01-2021 01:05:08;;;;80;4
581;-1;0.577370550968607;29-01-2021 09:03:55;27-03-2021 19:27:27;10-04-2021 05:51:12;30-05-2021 13:58:55;35;4
582;-1;2.8204481244469526;02-01-2021 23:28:33;07-03-2021 18:11:08;23-04-2021 12:28:23;22-05-2021 00:48:55;94;54
583;2;1.1219932136050401;18-02-2021 12:34:30;06-03-2021 06:39:11;24-04-2021 03:27:47;09-05-2021 22:05:06;23;41
584;2;0.6962226164710689;24-01-2021 22:34:45;31-03-2021 19:44:40;12-04-2021 20:49:32;16-05-2021 02:09:12;40;82
585;1;0.15524409758236507;03-01-2021 08:15:57;08-03-2021 11:43:10;28-04-2021 11:24:11;03-05-2021 04:43:33;91;8
586;0;2.282439218073734;06-02-2021 07:41:26;;;;83;50
587;-1;2.6758138542212584;27-02-2021 20:49:09;14-03-2021 02:16:05;06-04-2021 18:34:15;30-05-2021 08:13:46;90;33
588;1;0.46308294564706526;15-02-2021 18:21:02;11-03-2021 00:28:57;22-04-2021 13:42:04;23-05-2021 13:23:18;79;48
589;1;2.3447026227186702;13-02-2021 04:24:23;15-03-2021 07:16:46;19-04-2021 23:45:01;04-05-2021 05:33:44;2;53
590;-1;1.7401116895420463;12-01-2021 13:20:52;08-03-2021 17:02:43;02-04-2021 23:30:53;25-05-2021 10:47:11;10;16
591;-1;0.9691481013045918;02-01-2021 12:29:28;02-03-2021 07:14:33;16-04-2021 08:12:52;26-05-2021 17:28:25;53;22
592;2;0.12820146287841;05-02-2021 00:27:56;04-03-2021 10:42:48;22-04-2021 03:26:52;04-05-2021 05:50:02;39;81
593;-1;0.8385621385822433;11-02-2021 18:21:35;11-03-2021 03:28:34;02-04-2021 11:42:50;27-05-2021 23:02:17;45;8
594;2;1.1677118100153694;09-01-2021 20:19:44;10-03-2021 22:46:08;09-04-2021 06:06:53;03-05-2021 12:04:12;88;3
595;-1;1.9147169843057361;18-02-2021 14:33:57;02-03-2021 21:02:34;02-04-2021 20:58:50;21-05-2021 06:07:14;59;69
596;1;1.0609552716403228;01-01-2021 23:27:21;31-03-2021 13:14:18;29-04-2021 04:50:32;20-05-2021 11:57:30;16;52
597;1;2.4168675548702936;09-01-2021 07:33:56;10-03-2021 14:35:09;24-04-2021 17:58:31;17-05-2021 04:47:22;29;78
598;2;0.2652259582907045;12-01-2021 12:40:28;07-03-2021 05:24:42;07-04-2021 01:31:48;28-05-2021 14:58:05;96;46
599;0;0.11214348753709616;21-02-2021 05:26:07;;;;51;9
600;1;2.079406266689427;15-01-2021 22:38:46;23-03-2021 10:07:15;26-04-2021 06:00:14;31-05-2021 10:48:32;25;54
601;2;2.7631874778362095;21-01-2021 13:38:19;18-03-2021 16:42:28;30-04-2021 06:11:57;17-05-2021 09:58:43;91;30
602;-1;0.5870860247149496;13-02-2021 20:33:22;02-03-2021 09:00:51;19-04-2021 10:04:55;13-05-2021 16:16:54;88;4
603;2;1.3213145990648127;02-02-2021 21:02:28;31-03-2021 15:12:18;28-04-2021 20:07:48;08-05-2021 12:58:19;55;15
604;-1;1.6042012296825878;22-02-2021 22:38:20;10-03-2021 06:40:01;07-04-2021 19:23:09;05-05-2021 20:39:20;2;90
605;0;0.8902817771180549;02-01-2021 09:54:03;;;;82;36
606;1;2.774798125448603;19-01-2021 14:27:20;20-03-2021 16:42:58;08-04-2021 00:10:24;24-05-2021 06:45:24;69;44
607;-1;0.6218515175377616;05-01-2021 04:25:54;19-03-2021 07:43:58;14-04-2021 07:47:42;11-05-2021 20:27:54;33;45
608;0;1.5487277481960788;22-01-2021 03:49:30;;;;93;94
609;1;0.7991370376220913;04-02-2021 20:12:38;31-03-2021 08:54:35;28-04-2021 12:25:29;21-05-2021 05:14:06;41;54
610;-1;0.30389365966021303;28-02-2021 06:25:44;06-03-2021 14:22:50;04-04-2021 23:43:27;29-05-2021 10:34:08;54;19
611;2;1.756768185266261;07-01-2021 06:03:25;04-03-2021 06:38:28;26-04-2021 10:45:23;25-05-2021 15:45:57;1;90
612;2;3.0790878511619106;19-02-2021 14:21:13;28-03-2021 14:50:27;11-04-2021 06:36:21;26-05-2021 18:10:52;92;48
613;2;1.8086241461682666;28-02-2021 19:38:14;10-03-2021 06:11:43;24-04-2021 09:04:14;23-05-2021 17:55:55;96;86
614;2;2.156512641734135;19-02-2021 02:01:30;20-03-2021 20:15:06;09-04-2021 15:53:25;03-05-2021 10:41:00;41;42
615;2;0.272608973944198;01-03-2021 14:03:52;30-03-2021 14:17:25;26-04-2021 07:58:33;17-05-2021 08:29:40;18;39
616;0;2.854713663023417;12-02-2021 10:12:40;;;;1;35
617;0;0.30223919250664577;26-02-2021 15:12:46;;;;97;7
618;0;1.448630897243447;10-01-2021 23:43:29;;;;89;97
619;0;1.4741813666986583;27-02-2021 16:26:43;;;;93;5
620;0;0.2047147479222872;11-01-2021 17:07:06;;;;28;56
621;2;1.8880831150903798;27-02-2021 08:43:15;02-03-2021 21:43:24;28-04-2021 12:49:41;22-05-2021 06:06:25;72;53
622;0;2.00329001206572;07-02-2021 05:02:14;;;;12;20
623;1;0.8056497716373894;28-01-2021 16:29:07;31-03-2021 05:00:05;24-04-2021 11:37:10;21-05-2021 10:37:10;65;16
624;2;1.8709523480371975;24-01-2021 12:30:29;20-03-2021 19:16:35;13-04-2021 05:37:15;11-05-2021 23:52:54;31;72
625;1;1.6442480598727;22-01-2021 15:06:32;23-03-2021 06:53:40;21-04-2021 23:32:13;09-05-2021 01:13:41;53;39
626;0;3.0510113998158324;04-01-2021 22:18:33;;;;48;61
627;2;1.1821907123677777;08-01-2021 14:10:31;26-03-2021 13:14:40;07-04-2021 06:13:00;14-05-2021 09:14:57;86;78
628;0;0.6907438168523861;06-02-2021 20:47:23;;;;16;31
629;1;2.312245459803118;03-01-2021 12:32:43;04-03-2021 03:37:28;09-04-2021 22:17:28;27-05-2021 02:54:38;59;12
630;2;2.9513345794834533;09-02-2021 02:38:26;19-03-2021 07:32:29;22-04-2021 15:56:25;26-05-2021 10:46:33;16;46
631;-1;0.3189492702627981;02-01-2021 01:57:48;28-03-2021 19:54:47;05-04-2021 18:28:44;29-05-2021 18:07:03;9;3
632;2;1.9489572396174188;16-01-2021 03:35:47;15-03-2021 16:42:16;20-04-2021 15:08:57;04-05-2021 12:52:26;4;84
633;-1;0.5843982803731337;16-02-2021 16:45:11;14-03-2021 00:43:24;02-04-2021 05:16:45;18-05-2021 20:35:05;42;34
634;0;1.8116563264939713;15-01-2021 04:43:13;;;;93;81
635;-1;0.08295769799069927;22-02-2021 08:41:26;22-03-2021 22:49:19;10-04-2021 06:47:38;27-05-2021 04:10:05;16;95
636;0;1.7737262420880118;22-01-2021 05:23:48;;;;55;94
637;2;0.40513266140805454;23-01-2021 23:27:04;21-03-2021 17:52:56;02-04-2021 20:43:10;13-05-2021 14:48:58;36;26
638;0;0.8880424869067163;14-02-2021 12:51:30;;;;16;70
639;0;0.47217451620960255;24-02-2021 12:21:05;;;;85;48
640;0;3.100989564785021;16-02-2021 17:20:33;;;;83;74
641;2;0.6444978188162116;02-01-2021 11:35:10;02-03-2021 03:31:20;21-04-2021 11:38:05;20-05-2021 17:52:01;44;41
642;1;2.629386667688105;01-02-2021 17:27:46;27-03-2021 19:25:30;17-04-2021 21:58:58;07-05-2021 21:32:25;67;88
643;2;0.856812479924342;25-01-2021 04:43:37;25-03-2021 01:39:56;15-04-2021 11:55:04;03-05-2021 06:16:34;89;28
644;2;2.995480185463301;17-01-2021 09:09:18;28-03-2021 02:37:40;06-04-2021 12:16:54;09-05-2021 20:35:18;66;30
645;2;0.1832508675920729;02-01-2021 07:15:50;28-03-2021 01:04:50;19-04-2021 14:24:29;21-05-2021 20:25:44;24;95
646;-1;1.895797464132875;07-02-2021 04:30:03;19-03-2021 06:40:53;03-04-2021 03:12:21;03-05-2021 21:23:49;35;56
647;-1;2.5904989618730823;30-01-2021 20:09:24;03-03-2021 03:59:58;16-04-2021 01:05:10;16-05-2021 01:34:08;33;55
648;-1;1.119392705916864;12-02-2021 17:55:28;07-03-2021 16:43:12;06-04-2021 16:29:32;27-05-2021 02:00:10;75;18
649;-1;0.8054167481046797;17-01-2021 01:26:45;29-03-2021 03:13:17;03-04-2021 21:57:54;30-05-2021 12:50:16;51;57
650;2;2.730483756295326;09-02-2021 09:20:56;21-03-2021 10:37:52;24-04-2021 04:24:52;29-05-2021 09:00:21;62;42
651;1;0.5450253304019883;31-01-2021 04:33:14;03-03-2021 09:00:50;07-04-2021 11:34:20;07-05-2021 22:15:15;41;11
652;2;2.1704351280089678;13-02-2021 21:11:03;23-03-2021 04:50:50;15-04-2021 11:00:44;30-05-2021 19:14:54;38;10
653;1;1.4438753335105454;11-02-2021 14:02:34;13-03-2021 06:44:15;24-04-2021 06:11:05;08-05-2021 09:30:10;16;75
654;-1;2.2766651028789773;14-02-2021 16:46:49;18-03-2021 12:42:48;09-04-2021 04:21:30;08-05-2021 07:42:43;16;55
655;0;2.277496288434378;27-01-2021 16:34:31;;;;83;49
656;0;2.815449493960236;21-01-2021 05:31:09;;;;38;47
657;0;0.06802861963354437;18-01-2021 02:35:14;;;;56;92
658;1;2.5473102038428217;01-02-2021 03:30:36;07-03-2021 08:24:20;20-04-2021 21:33:21;04-05-2021 03:16:32;98;36
659;-1;0.02405365630102933;22-02-2021 13:54:24;23-03-2021 07:07:40;28-04-2021 20:42:39;10-05-2021 17:11:17;82;68
660;-1;2.017337307159982;28-01-2021 08:13:53;10-03-2021 05:51:42;05-04-2021 13:05:01;14-05-2021 10:59:47;15;70
661;0;1.3009813066790645;23-02-2021 04:31:46;;;;18;12
662;0;1.6114538914839531;07-01-2021 17:20:59;;;;16;62
663;1;2.275021547018839;05-01-2021 13:42:51;03-03-2021 19:14:32;14-04-2021 00:35:32;25-05-2021 02:45:24;57;65
664;2;2.567886959054605;06-02-2021 05:20:41;05-03-2021 12:20:37;26-04-2021 19:31:15;24-05-2021 01:15:33;83;67
665;2;0.9018943244848359;03-02-2021 12:04:27;27-03-2021 13:32:24;27-04-2021 19:37:07;22-05-2021 00:10:35;44;11
666;2;1.821658698742369;03-02-2021 21:10:01;26-03-2021 23:44:23;13-04-2021 08:18:05;23-05-2021 19:23:32;64;67
667;1;0.6391524569948801;13-02-2021 19:41:22;24-03-2021 10:24:39;25-04-2021 16:19:33;18-05-2021 05:44:54;52;100
668;2;0.6877535626361919;27-02-2021 18:55:41;04-03-2021 17:20:56;19-04-2021 18:43:09;15-05-2021 09:30:41;34;17
669;0;0.1992077222885137;22-01-2021 21:32:31;;;;71;73
670;1;2.6444629286012016;11-01-2021 04:00:29;29-03-2021 00:54:02;25-04-2021 02:28:45;13-05-2021 07:35:48;29;78
671;-1;2.612147690812191;20-02-2021 23:20:07;16-03-2021 17:51:58;29-04-2021 09:41:46;05-05-2021 15:31:42;89;12
672;1;1.1916817047595145;31-01-2021 08:44:11;18-03-2021 13:15:30;16-04-2021 07:40:01;20-05-2021 02:03:33;39;55
673;1;1.998463994931015;07-02-2021 20:12:23;05-03-2021 02:04:43;14-04-2021 21:18:54;31-05-2021 12:04:19;79;38
674;2;3.0259991989727344;03-02-2021 12:52:01;04-03-2021 12:49:18;07-04-2021 02:58:36;16-05-2021 03:56:24;25;81
675;0;1.043699510173051;11-01-2021 23:35:06;;;;89;59
676;0;1.76315650625659;07-01-2021 00:40:12;;;;91;43
677;-1;1.8223538674321929;24-01-2021 14:26:48;19-03-2021 09:29:54;03-04-2021 01:59:04;12-05-2021 20:37:35;3;54
678;2;1.2561987545360067;15-01-2021 17:06:46;09-03-2021 12:22:12;23-04-2021 18:11:34;25-05-2021 23:42:36;15;45
679;0;1.2282780580784036;15-01-2021 16:21:23;;;;26;68
680;2;3.0276106277482153;11-01-2021 16:18:53;30-03-2021 21:01:09;13-04-2021 19:53:00;03-05-2021 00:34:39;90;16
681;2;2.0485779909037154;17-01-2021 08:31:29;13-03-2021 14:57:58;24-04-2021 08:24:52;10-05-2021 01:14:44;30;48
682;-1;2.809343563313666;09-02-2021 18:10:25;22-03-2021 05:06:58;28-04-2021 20:59:31;26-05-2021 17:20:05;66;24
683;1;0.33768420565500273;18-01-2021 07:24:38;29-03-2021 18:36:15;27-04-2021 08:43:45;17-05-2021 12:40:23;22;34
684;1;2.2930680929049276;02-02-2021 12:01:46;11-03-2021 22:28:07;04-04-2021 12:24:31;04-05-2021 13:09:15;34;70
685;2;0.15788709395418885;30-01-2021 15:44:50;22-03-2021 08:25:21;28-04-2021 20:42:05;21-05-2021 23:38:29;50;25
686;1;1.549833200074997;08-02-2021 16:11:24;17-03-2021 01:57:45;18-04-2021 02:44:42;02-05-2021 13:50:51;28;80
687;-1;1.5673164854771349;12-02-2021 18:47:54;12-03-2021 02:13:01;23-04-2021 08:34:53;20-05-2021 01:50:59;85;15
688;0;2.020452889824608;28-02-2021 04:41:45;;;;70;68
689;2;1.0892858258418106;20-01-2021 19:06:55;11-03-2021 10:27:02;19-04-2021 09:27:26;27-05-2021 15:38:01;87;68
690;1;2.334455512302767;19-02-2021 06:10:43;12-03-2021 10:08:09;10-04-2021 20:37:34;24-05-2021 01:56:31;30;64
691;2;0.44252932829165337;02-01-2021 09:13:14;24-03-2021 13:31:36;14-04-2021 05:09:54;25-05-2021 17:09:50;41;73
692;1;0.22262108460993246;29-01-2021 08:46:09;09-03-2021 19:06:27;09-04-2021 19:00:27;13-05-2021 16:48:29;25;69
693;0;1.590792882244992;02-02-2021 20:38:00;;;;57;28
694;1;1.6675298210810867;23-02-2021 01:00:54;11-03-2021 18:42:14;03-04-2021 09:54:59;20-05-2021 20:04:15;21;97
695;0;0.44305569658482946;12-01-2021 15:00:25;;;;8;91
696;0;1.450495250098905;05-02-2021 18:33:24;;;;30;52
697;1;0.624486802397636;25-02-2021 16:28:24;06-03-2021 03:39:18;16-04-2021 20:57:20;07-05-2021 16:42:02;52;69
698;1;2.0360947012228037;25-01-2021 15:07:13;15-03-2021 06:28:51;19-04-2021 22:50:14;02-05-2021 10:00:14;83;73
699;2;2.2931637264754334;15-01-2021 06:03:27;26-03-2021 04:18:34;22-04-2021 11:40:43;09-05-2021 06:36:24;88;72
700;-1;0.22601286994147488;18-02-2021 22:58:06;19-03-2021 22:56:14;20-04-2021 20:02:50;23-05-2021 10:47:46;16;8
701;-1;1.9312717133809731;02-02-2021 17:48:40;14-03-2021 03:07:16;18-04-2021 22:38:14;16-05-2021 04:57:33;5;51
702;2;0.3272666455022951;19-02-2021 22:17:09;19-03-2021 15:29:02;22-04-2021 00:37:50;10-05-2021 10:12:59;92;18
703;1;0.7050278293782882;11-01-2021 16:22:08;22-03-2021 00:15:18;19-04-2021 08:15:54;17-05-2021 05:32:06;76;68
704;-1;2.237285127832816;25-02-2021 22:30:08;22-03-2021 10:08:58;10-04-2021 07:42:37;09-05-2021 10:07:11;74;21
705;-1;2.6057719084363655;04-02-2021 05:21:26;02-03-2021 15:15:18;19-04-2021 14:42:55;02-05-2021 12:38:42;2;32
706;-1;0.7421143526810325;23-02-2021 10:58:56;26-03-2021 11:02:11;04-04-2021 09:20:20;24-05-2021 21:25:03;78;88
707;-1;0.5857400719450652;25-02-2021 05:35:37;25-03-2021 14:17:15;30-04-2021 10:17:33;16-05-2021 05:23:31;97;45
708;0;2.032511090463574;09-01-2021 02:50:31;;;;44;58
709;1;1.853012445028648;25-01-2021 03:09:13;24-03-2021 11:26:56;09-04-2021 01:55:00;22-05-2021 13:52:11;77;30
710;2;0.9546857839882308;18-01-2021 07:12:44;18-03-2021 08:13:15;12-04-2021 00:25:24;30-05-2021 18:56:27;39;73
711;-1;0.4010221747092551;12-01-2021 20:01:29;18-03-2021 15:05:38;17-04-2021 05:24:23;18-05-2021 03:48:19;43;50
712;-1;1.1041725534313211;07-02-2021 14:57:14;30-03-2021 13:49:33;06-04-2021 21:31:06;18-05-2021 03:42:49;92;23
713;-1;0.9488136830791098;21-02-2021 16:03:39;17-03-2021 20:48:00;27-04-2021 05:28:11;31-05-2021 15:05:49;70;97
714;-1;2.6566821301981065;20-02-2021 23:10:15;28-03-2021 15:59:11;24-04-2021 07:53:57;14-05-2021 13:00:33;42;59
715;0;2.0335503186798642;18-02-2021 03:01:29;;;;10;78
716;-1;2.822722868168452;26-02-2021 00:38:31;11-03-2021 15:03:13;12-04-2021 07:24:47;23-05-2021 08:32:38;91;94
717;-1;3.1270883768554536;03-01-2021 15:07:25;02-03-2021 12:56:04;26-04-2021 22:03:10;25-05-2021 01:50:46;85;95
718;2;2.4200353561187367;22-01-2021 07:41:28;18-03-2021 21:54:34;29-04-2021 13:59:05;11-05-2021 15:27:05;80;38
719;1;1.6260177216195864;08-01-2021 08:24:18;18-03-2021 19:26:27;13-04-2021 19:58:20;05-05-2021 10:16:51;72;10
720;-1;2.041031380974034;18-02-2021 12:57:09;22-03-2021 16:31:44;04-04-2021 06:28:50;06-05-2021 11:40:55;14;25
721;-1;0.9601171373976924;13-02-2021 08:33:08;29-03-2021 20:57:32;20-04-2021 07:22:58;17-05-2021 03:53:18;93;27
722;0;1.5437522704546094;02-01-2021 09:41:59;;;;85;79
723;-1;2.64689504463514;11-01-2021 00:03:00;02-03-2021 08:23:58;17-04-2021 08:51:26;25-05-2021 07:31:54;30;72
724;1;0.33574223700398653;12-01-2021 18:37:09;06-03-2021 06:57:39;18-04-2021 02:32:28;13-05-2021 07:06:13;39;26
725;2;2.7935216381944277;26-01-2021 22:27:22;06-03-2021 23:26:25;26-04-2021 00:32:49;10-05-2021 21:25:43;63;86
726;-1;1.898770976465956;13-02-2021 01:34:21;17-03-2021 03:27:59;02-04-2021 00:31:16;11-05-2021 03:18:49;52;7
727;1;2.4391789703551154;21-01-2021 06:41:39;03-03-2021 02:56:13;28-04-2021 19:58:09;06-05-2021 11:15:17;77;95
728;0;3.0991977718721224;01-03-2021 07:26:01;;;;95;92
729;0;0.30646808481238286;10-01-2021 08:10:42;;;;88;10
730;2;1.0552745790476221;24-01-2021 23:12:26;27-03-2021 12:08:24;04-04-2021 00:44:41;09-05-2021 17:29:09;71;8
731;-1;1.7176787351837663;16-01-2021 14:09:41;17-03-2021 22:33:35;03-04-2021 04:05:11;15-05-2021 07:50:48;39;41
732;1;1.0513055629845496;27-02-2021 23:46:33;14-03-2021 10:33:31;05-04-2021 10:40:28;20-05-2021 09:21:10;9;68
733;1;1.7388197708337894;01-02-2021 17:19:47;20-03-2021 06:11:40;30-04-2021 09:29:29;04-05-2021 14:01:31;25;89
734;1;2.6992644834556443;03-01-2021 20:58:43;24-03-2021 18:50:23;23-04-2021 14:57:09;04-05-2021 02:15:22;88;1
735;-1;3.1176092399686386;19-01-2021 12:39:14;18-03-2021 10:46:10;04-04-2021 04:44:02;19-05-2021 12:04:36;77;79
736;0;1.1620575774683797;21-02-2021 22:13:01;;;;35;5
737;0;0.5080362828574662;15-01-2021 14:42:00;;;;45;80
738;-1;1.2424404664792392;12-01-2021 08:47:38;30-03-2021 05:04:18;21-04-2021 06:11:11;08-05-2021 00:43:33;40;87
739;2;2.576678568689841;28-01-2021 20:17:28;05-03-2021 11:40:11;10-04-2021 01:39:49;22-05-2021 15:35:22;32;18
740;2;0.6694062619838436;29-01-2021 17:26:47;24-03-2021 18:00:07;07-04-2021 20:37:19;07-05-2021 06:02:16;25;34
741;2;2.1153515189377274;26-01-2021 05:44:00;11-03-2021 23:18:52;15-04-2021 09:44:22;02-05-2021 12:23:51;67;77
742;1;0.28756464343581606;18-02-2021 12:56:41;14-03-2021 02:09:51;15-04-2021 23:20:01;09-05-2021 23:55:48;89;75
743;1;0.5276287145645289;16-02-2021 11:39:40;29-03-2021 03:48:25;18-04-2021 06:43:17;03-05-2021 00:56:59;95;27
744;0;3.009117942437496;27-01-2021 15:27:26;;;;17;44
745;2;1.4341415754249844;23-01-2021 21:08:45;20-03-2021 00:37:19;16-04-2021 03:15:45;09-05-2021 10:27:57;98;93
746;-1;1.2686064906361105;30-01-2021 22:48:36;30-03-2021 13:27:20;25-04-2021 08:13:30;04-05-2021 17:35:50;42;25
747;1;1.8125280397478216;15-02-2021 08:42:19;26-03-2021 21:02:45;06-04-2021 20:42:02;17-05-2021 16:52:17;65;45
748;-1;0.8488585519099924;05-02-2021 18:41:56;17-03-2021 03:54:49;17-04-2021 07:21:20;07-05-2021 15:30:18;57;88
749;1;0.12023341970603317;29-01-2021 14:55:10;13-03-2021 23:08:03;02-04-2021 02:48:44;08-05-2021 09:11:43;79;14
750;-1;0.108085615248206;15-01-2021 08:31:07;27-03-2021 22:33:16;15-04-2021 06:12:46;17-05-2021 02:02:09;100;84
751;-1;2.7614226271075735;14-01-2021 05:03:08;17-03-2021 05:03:57;13-04-2021 15:25:23;29-05-2021 14:43:05;20;49
752;1;1.8170524966013848;19-01-2021 13:13:33;07-03-2021 23:10:17;21-04-2021 16:02:46;11-05-2021 05:34:35;12;71
753;1;2.212174176523148;25-02-2021 09:13:14;09-03-2021 01:52:09;09-04-2021 14:30:32;21-05-2021 15:16:34;68;15
754;2;2.6414878737553256;27-01-2021 23:23:05;16-03-2021 08:02:30;03-04-2021 06:51:38;10-05-2021 08:47:39;61;44
755;1;0.2746142373330778;01-02-2021 18:25:00;23-03-2021 11:17:49;13-04-2021 15:20:17;06-05-2021 06:09:34;18;92
756;-1;3.136989871299887;17-01-2021 05:38:42;11-03-2021 05:54:38;13-04-2021 06:23:17;09-05-2021 08:45:09;95;66
757;1;1.729515448163393;03-01-2021 15:18:23;08-03-2021 10:53:30;05-04-2021 04:26:49;25-05-2021 21:12:11;63;69
758;2;0.3403633638630262;21-02-2021 12:58:28;05-03-2021 17:23:17;06-04-2021 23:50:39;25-05-2021 06:12:41;94;44
759;2;2.3209332230442175;27-01-2021 07:30:29;08-03-2021 01:56:44;05-04-2021 04:29:52;31-05-2021 13:22:22;65;32
760;0;2.150455153324952;10-02-2021 16:45:02;;;;25;42
761;1;1.4819132454932993;19-01-2021 11:53:04;10-03-2021 17:58:46;24-04-2021 23:57:37;05-05-2021 12:53:56;15;14
762;-1;3.085914830219862;03-01-2021 21:24:36;15-03-2021 16:01:12;07-04-2021 15:53:33;13-05-2021 13:55:38;96;18
763;-1;2.962628131678613;10-02-2021 14:28:01;15-03-2021 20:07:14;04-04-2021 00:28:31;21-05-2021 16:45:34;65;36
764;2;1.4869953685483788;24-02-2021 06:38:38;07-03-2021 22:00:16;01-04-2021 22:35:03;21-05-2021 01:39:49;95;94
765;1;2.24094153049419;03-01-2021 15:33:56;12-03-2021 04:21:36;18-04-2021 07:46:57;22-05-2021 12:00:00;63;38
766;-1;1.7533930897875687;23-01-2021 00:26:46;29-03-2021 20:33:47;15-04-2021 11:42:05;03-05-2021 16:47:23;75;65
767;-1;2.316013801104312;08-02-2021 01:00:11;13-03-2021 07:06:39;27-04-2021 12:38:42;12-05-2021 19:37:20;66;58
768;2;1.5751382666953193;10-02-2021 18:17:16;30-03-2021 02:26:07;08-04-2021 08:05:52;17-05-2021 04:05:27;63;59
769;1;3.0336394138390648;10-02-2021 23:41:49;07-03-2021 19:27:57;19-04-2021 23:51:58;02-05-2021 02:08:31;29;57
770;-1;1.5964683455190065;12-01-2021 03:56:53;26-03-2021 11:25:47;17-04-2021 18:47:10;31-05-2021 14:53:48;45;11
771;1;2.389126709039176;24-01-2021 11:18:51;28-03-2021 11:42:09;19-04-2021 08:02:00;05-05-2021 13:42:28;47;25
772;1;0.5727068346907229;21-02-2021 00:35:36;25-03-2021 20:50:12;16-04-2021 15:13:36;27-05-2021 18:07:18;24;51
773;-1;0.26285254175971856;10-01-2021 18:36:42;28-03-2021 18:09:37;02-04-2021 17:41:20;20-05-2021 05:15:44;29;95
774;0;1.331776728162022;13-01-2021 08:44:09;;;;24;62
775;0;3.0245021614424465;31-01-2021 07:14:08;;;;75;96
776;-1;1.3392266296292876;12-02-2021 13:02:20;24-03-2021 16:14:15;24-04-2021 03:00:19;17-05-2021 21:46:20;1;54
777;-1;2.929700624661848;09-01-2021 19:30:12;10-03-2021 15:41:24;11-04-2021 10:40:43;26-05-2021 09:57:55;4;83
778;1;2.4526541405369;10-02-2021 05:10:10;14-03-2021 09:49:00;28-04-2021 18:18:16;23-05-2021 22:37:32;64;29
779;-1;0.5350533818269092;11-01-2021 19:31:58;18-03-2021 17:53:49;14-04-2021 06:18:19;17-05-2021 00:16:26;24;47
780;-1;0.0716899034963496;18-02-2021 13:05:54;12-03-2021 01:41:40;03-04-2021 14:20:51;21-05-2021 02:42:49;51;91
781;-1;2.8663905296434025;19-01-2021 11:57:39;10-03-2021 00:43:33;18-04-2021 19:34:21;23-05-2021 17:36:02;70;62
782;2;1.2056620666849271;03-02-2021 10:46:00;11-03-2021 19:09:39;21-04-2021 18:52:13;15-05-2021 11:07:07;28;39
783;1;2.7055125958941044;02-01-2021 14:58:12;18-03-2021 16:58:43;26-04-2021 05:03:47;25-05-2021 21:52:13;38;63
784;0;2.84531561948307;28-02-2021 11:03:56;;;;6;90
785;2;2.3155624486159114;07-02-2021 11:05:40;26-03-2021 15:29:08;08-04-2021 05:17:33;26-05-2021 20:24:57;73;20
786;2;0.37110585926344214;20-02-2021 14:46:13;20-03-2021 15:04:30;24-04-2021 21:44:53;30-05-2021 15:44:25;23;89
787;-1;3.0904280241776036;06-01-2021 16:21:25;12-03-2021 03:07:35;26-04-2021 03:12:46;19-05-2021 18:38:28;92;5
788;-1;2.7191461888708943;15-02-2021 12:46:31;09-03-2021 19:31:22;14-04-2021 21:48:12;03-05-2021 01:21:38;98;48
789;0;2.360268367476221;23-01-2021 10:56:34;;;;37;13
790;2;1.2393625051072528;19-02-2021 05:55:42;21-03-2021 12:36:40;19-04-2021 11:38:26;13-05-2021 16:26:24;83;79
791;1;1.5182132759039264;26-02-2021 10:21:26;30-03-2021 08:11:35;10-04-2021 15:08:04;13-05-2021 13:02:26;22;36
792;1;2.6778354620222062;03-01-2021 06:31:06;14-03-2021 18:20:58;21-04-2021 01:45:27;26-05-2021 12:20:29;62;91
793;-1;2.5873225292601507;20-01-2021 15:20:53;10-03-2021 18:38:25;23-04-2021 02:11:21;10-05-2021 13:09:00;36;99
794;-1;2.027669750499297;24-01-2021 07:26:00;17-03-2021 12:31:11;20-04-2021 08:27:21;15-05-2021 08:55:15;62;37
795;1;3.060520718603956;22-01-2021 05:59:55;19-03-2021 06:11:17;30-04-2021 06:53:56;20-05-2021 04:32:54;59;32
796;-1;0.957121573655308;04-02-2021 07:29:06;12-03-2021 21:10:23;04-04-2021 10:35:27;03-05-2021 13:41:09;84;16
797;2;2.0393656566276204;01-02-2021 15:38:29;15-03-2021 09:25:47;16-04-2021 18:06:45;10-05-2021 23:57:37;7;34
798;-1;1.1341767653361265;01-02-2021 14:57:12;11-03-2021 01:06:15;26-04-2021 14:31:07;04-05-2021 00:16:19;9;88
799;2;0.22925656560053675;31-01-2021 16:04:24;03-03-2021 14:53:54;27-04-2021 15:07:43;16-05-2021 12:38:14;74;78
800;-1;1.7274263131112861;03-02-2021 08:14:28;20-03-2021 14:23:24;16-04-2021 22:09:27;19-05-2021 14:53:16;41;10
801;1;1.872714640253809;08-01-2021 10:24:09;09-03-2021 09:54:22;05-04-2021 15:13:29;11-05-2021 05:42:35;68;22
802;-1;0.2049481445947835;28-02-2021 21:09:55;03-03-2021 07:33:40;09-04-2021 09:37:09;13-05-2021 05:06:23;82;45
803;1;1.7649485944070429;07-02-2021 06:04:16;10-03-2021 12:51:38;21-04-2021 20:06:28;05-05-2021 00:55:57;13;75
804;0;0.7585838989385225;12-01-2021 08:44:59;;;;57;42
805;1;1.29280223155015;01-02-2021 18:56:54;05-03-2021 08:27:11;27-04-2021 14:42:25;23-05-2021 20:49:29;87;28
806;-1;0.922416731478307;06-02-2021 12:54:51;19-03-2021 03:51:00;02-04-2021 01:30:20;08-05-2021 06:46:01;45;40
807;0;3.031962764607591;18-02-2021 11:28:18;;;;10;7
808;2;2.4473519604920586;22-02-2021 05:03:40;07-03-2021 02:54:33;25-04-2021 12:33:16;02-05-2021 22:58:53;60;68
809;0;0.6627623343413909;28-01-2021 23:45:40;;;;82;2
810;2;1.083577421105701;09-01-2021 07:22:26;26-03-2021 15:03:50;04-04-2021 05:16:12;26-05-2021 14:58:17;98;42
811;2;0.8483797099780158;08-01-2021 13:44:17;17-03-2021 17:58:53;06-04-2021 10:51:19;29-05-2021 02:58:37;20;90
812;0;3.0279840710229204;29-01-2021 14:24:50;;;;67;91
813;-1;1.1343454363308827;22-01-2021 12:16:48;30-03-2021 10:07:33;24-04-2021 03:24:38;12-05-2021 09:33:25;99;59
814;0;2.912951177566097;06-01-2021 00:11:50;;;;56;77
815;1;1.720786602175678;28-01-2021 23:17:46;28-03-2021 22:37:37;15-04-2021 08:42:11;21-05-2021 01:37:55;80;67
816;0;2.6945685135695174;07-01-2021 11:20:12;;;;27;100
817;1;2.608471349460018;21-01-2021 11:28:21;16-03-2021 23:06:22;08-04-2021 22:25:30;31-05-2021 05:06:33;87;41
818;0;0.5989708536590126;16-02-2021 10:55:44;;;;59;81
819;-1;2.0590513262138357;26-01-2021 08:01:51;11-03-2021 09:47:22;03-04-2021 08:28:35;05-05-2021 10:06:58;29;10
820;2;1.2653837671626704;21-01-2021 14:30:00;27-03-2021 22:57:25;25-04-2021 14:02:09;09-05-2021 17:39:50;38;81
821;2;2.297459937231561;19-01-2021 00:57:58;24-03-2021 07:57:49;18-04-2021 20:55:52;02-05-2021 10:46:23;43;39
822;2;1.3284333801631283;20-02-2021 11:03:42;26-03-2021 03:32:33;29-04-2021 12:00:00;17-05-2021 00:06:53;99;58
823;1;3.05456668082674;07-02-2021 16:35:29;24-03-2021 22:45:29;18-04-2021 18:04:09;04-05-2021 12:06:35;85;97
824;2;0.1547262648641954;19-02-2021 08:59:59;15-03-2021 10:07:16;04-04-2021 13:30:03;07-05-2021 23:47:33;57;71
825;1;1.685781941964418;24-02-2021 12:38:40;30-03-2021 03:42:18;17-04-2021 19:59:26;12-05-2021 22:27:19;76;34
826;1;3.0693671289319804;04-01-2021 11:44:28;24-03-2021 04:44:11;09-04-2021 22:24:53;25-05-2021 04:58:43;78;24
827;1;1.6811114031807621;18-02-2021 11:57:54;26-03-2021 03:23:43;07-04-2021 08:53:53;22-05-2021 18:57:04;24;63
828;2;1.0921816855041633;26-02-2021 11:15:44;08-03-2021 01:51:21;04-04-2021 21:08:03;14-05-2021 17:06:53;68;79
829;1;0.7908263978815896;11-02-2021 07:14:59;20-03-2021 02:20:50;10-04-2021 14:32:31;03-05-2021 08:38:20;7;76
830;1;0.9338420197449102;13-01-2021 08:27:05;09-03-2021 13:29:33;08-04-2021 03:00:07;20-05-2021 21:47:39;46;95
831;0;0.8595001990825941;30-01-2021 17:18:34;;;;96;57
832;0;2.3242291373690707;22-01-2021 07:52:20;;;;29;2
833;1;1.3893042472269512;20-01-2021 06:36:59;07-03-2021 15:50:22;17-04-2021 16:37:03;19-05-2021 18:45:23;6;68
834;1;2.1340418225358957;24-01-2021 16:01:48;02-03-2021 15:34:38;02-04-2021 11:05:47;27-05-2021 07:52:38;67;53
835;0;1.1547462785537133;20-01-2021 08:34:55;;;;29;45
836;1;1.423321893830396;14-02-2021 00:36:50;19-03-2021 09:33:45;17-04-2021 03:02:16;21-05-2021 13:35:51;78;10
837;0;1.7242200845522444;18-01-2021 03:37:05;;;;25;10
838;-1;1.7945537639584876;18-02-2021 01:58:10;27-03-2021 14:09:36;07-04-2021 15:10:55;02-05-2021 11:41:21;61;2
839;1;2.220038950679613;01-02-2021 13:57:30;29-03-2021 04:34:48;14-04-2021 16:13:12;10-05-2021 16:59:00;88;57
840;0;2.312423070444546;17-01-2021 07:52:21;;;;94;46
841;2;2.272252853695943;12-01-2021 20:01:28;26-03-2021 04:37:29;11-04-2021 10:17:32;07-05-2021 15:23:27;48;73
842;1;2.0500825954342097;05-02-2021 15:21:37;01-03-2021 23:03:46;19-04-2021 05:57:31;12-05-2021 13:44:00;35;32
843;-1;2.2993321895797187;06-01-2021 06:48:50;05-03-2021 01:40:00;20-04-2021 18:48:34;10-05-2021 22:33:01;14;29
844;-1;1.1811627175437514;06-02-2021 17:55:40;31-03-2021 20:37:44;06-04-2021 23:16:03;08-05-2021 19:17:26;41;80
845;-1;1.44038919894064;26-01-2021 15:47:33;20-03-2021 10:09:21;19-04-2021 12:08:04;31-05-2021 10:30:42;32;19
846;1;2.93913181829748;03-02-2021 06:12:20;27-03-2021 00:24:27;22-04-2021 09:16:46;10-05-2021 20:16:25;32;29
847;2;0.9949571487821149;28-02-2021 05:21:03;15-03-2021 13:06:42;19-04-2021 02:03:26;06-05-2021 00:25:58;88;76
848;1;1.029490332565232;14-01-2021 19:45:58;18-03-2021 11:57:26;16-04-2021 22:34:04;23-05-2021 15:40:21;54;69
849;1;0.7855171848835973;21-02-2021 20:36:03;30-03-2021 19:13:36;25-04-2021 17:17:09;03-05-2021 20:59:52;47;16
850;2;2.794981248603504;24-01-2021 03:04:18;22-03-2021 21:43:09;05-04-2021 17:28:44;22-05-2021 21:12:15;75;85
851;2;1.5682586883989011;28-02-2021 06:12:01;20-03-2021 10:06:59;13-04-2021 06:05:51;04-05-2021 04:25:43;82;74
852;0;0.16124311336067726;25-01-2021 08:05:30;;;;27;38
853;0;0.6618894865998667;12-02-2021 17:21:41;;;;80;32
854;2;0.8681757686254327;19-02-2021 05:42:28;02-03-2021 03:42:30;30-04-2021 18:45:50;15-05-2021 10:40:03;39;56
855;0;0.8463089225942176;09-02-2021 21:11:27;;;;4;46
856;1;2.1949639661882934;24-02-2021 10:12:26;31-03-2021 02:25:39;10-04-2021 13:48:21;05-05-2021 04:01:14;77;79
857;2;0.8664958374565918;05-02-2021 11:27:59;25-03-2021 16:49:05;26-04-2021 21:35:30;13-05-2021 12:55:23;1;3
858;0;1.8308579494156036;25-02-2021 21:51:22;;;;91;45
859;0;0.38188735704626403;17-02-2021 13:19:56;;;;9;40
860;0;0.20768722207957166;17-02-2021 10:18:10;;;;62;19
861;1;1.056574797613267;25-01-2021 07:10:02;26-03-2021 03:33:25;28-04-2021 07:10:44;19-05-2021 18:22:11;64;62
862;2;1.116887012981254;17-02-2021 19:45:23;31-03-2021 10:40:18;19-04-2021 23:08:10;18-05-2021 20:22:15;15;65
863;-1;2.816168354468354;05-01-2021 01:57:24;17-03-2021 22:19:42;17-04-2021 01:44:58;13-05-2021 08:08:59;43;3
864;1;0.6368632973120747;05-01-2021 00:24:40;30-03-2021 17:50:09;14-04-2021 05:52:26;23-05-2021 06:47:10;66;85
865;0;0.4194674593089101;13-01-2021 05:38:03;;;;21;46
866;1;1.5646995061703173;31-01-2021 16:26:01;07-03-2021 11:35:34;07-04-2021 20:22:46;16-05-2021 14:16:40;2;32
867;0;0.40682422489615366;05-02-2021 09:20:43;;;;87;92
868;0;0.7466575041442985;25-01-2021 11:53:35;;;;42;69
869;2;0.7030214266278285;07-02-2021 20:06:53;23-03-2021 04:21:48;26-04-2021 22:01:24;03-05-2021 01:43:55;92;58
870;1;2.6055829651093094;19-02-2021 11:39:20;30-03-2021 04:43:57;15-04-2021 02:55:10;13-05-2021 10:48:23;78;79
871;2;0.2380514911908982;24-02-2021 00:55:06;22-03-2021 12:20:30;05-04-2021 01:48:37;15-05-2021 07:33:32;29;1
872;2;1.3998526921817864;05-02-2021 20:34:24;10-03-2021 17:10:37;27-04-2021 05:34:29;04-05-2021 21:57:03;64;14
873;2;1.0022417365587313;05-01-2021 20:13:02;21-03-2021 18:47:57;21-04-2021 22:51:59;09-05-2021 21:19:08;34;37
874;2;1.3123528972558343;16-02-2021 20:39:30;03-03-2021 10:11:40;02-04-2021 00:41:47;05-05-2021 10:28:12;75;87
875;0;1.6435568957263251;08-02-2021 07:23:56;;;;2;2
876;2;2.027588172041297;27-01-2021 16:38:18;22-03-2021 17:07:03;07-04-2021 07:41:18;05-05-2021 01:10:23;22;58
877;1;0.685035700172623;08-01-2021 05:00:17;23-03-2021 11:26:32;25-04-2021 09:41:12;02-05-2021 11:43:25;55;43
878;0;1.7126455126957474;30-01-2021 16:00:13;;;;71;41
879;2;0.24647256288691297;03-02-2021 06:43:59;22-03-2021 03:17:42;21-04-2021 22:51:16;02-05-2021 23:19:18;43;45
880;1;0.9899848639618687;02-02-2021 06:28:09;24-03-2021 04:16:32;05-04-2021 00:43:29;28-05-2021 09:32:14;97;53
881;2;1.8063347887940127;08-01-2021 03:56:42;15-03-2021 22:07:12;16-04-2021 02:06:20;10-05-2021 18:40:31;7;64
882;1;1.4400809296893797;25-01-2021 11:46:10;29-03-2021 09:47:11;13-04-2021 14:29:31;25-05-2021 18:44:01;74;65
883;2;2.0509913865733176;01-02-2021 05:44:52;13-03-2021 00:25:24;25-04-2021 22:36:25;21-05-2021 03:21:58;39;15
884;0;2.5945427252683277;31-01-2021 09:53:47;;;;57;63
885;1;0.3514624957678315;19-01-2021 11:58:57;13-03-2021 12:14:31;27-04-2021 16:16:22;28-05-2021 15:23:02;66;85
886;-1;2.020474352820758;19-02-2021 23:42:17;07-03-2021 21:03:41;09-04-2021 00:06:23;20-05-2021 13:14:22;46;58
887;1;1.0760314964393898;31-01-2021 15:12:13;21-03-2021 02:26:53;15-04-2021 11:26:05;25-05-2021 04:25:14;7;100
888;0;2.458823095350807;16-01-2021 09:06:21;;;;7;40
889;0;2.1964157588162174;29-01-2021 06:23:49;;;;91;56
890;0;2.8855712177184287;12-02-2021 14:30:30;;;;4;2
891;-1;2.037684550377582;18-02-2021 18:48:14;27-03-2021 08:22:24;10-04-2021 00:30:31;18-05-2021 14:04:35;81;75
892;2;2.924560037652988;10-02-2021 02:21:05;22-03-2021 02:06:52;16-04-2021 04:22:25;15-05-2021 03:13:07;57;61
893;1;0.20104972807694496;19-01-2021 00:51:47;16-03-2021 01:26:12;17-04-2021 09:35:30;23-05-2021 18:41:50;37;73
894;1;0.9315771229457178;17-01-2021 03:33:47;27-03-2021 22:01:09;20-04-2021 21:27:00;23-05-2021 12:42:46;4;100
895;2;0.1827749483319897;10-01-2021 15:44:55;17-03-2021 13:47:22;24-04-2021 16:58:06;28-05-2021 10:21:49;31;80
896;-1;2.399220752461719;22-02-2021 18:26:17;05-03-2021 04:42:38;29-04-2021 06:13:22;31-05-2021 12:17:49;29;66
897;0;0.31379210637717525;19-01-2021 07:06:45;;;;64;56
898;0;0.48409178032572875;25-01-2021 19:01:56;;;;60;2
899;-1;2.615673674228559;04-01-2021 10:17:37;26-03-2021 04:07:15;14-04-2021 05:50:45;07-05-2021 16:51:08;7;80
900;1;3.068788507212936;22-01-2021 09:07:01;31-03-2021 04:45:43;18-04-2021 13:16:04;13-05-2021 06:39:41;20;3
901;-1;0.6094446762258329;04-02-2021 09:17:33;10-03-2021 02:53:03;02-04-2021 14:57:09;08-05-2021 17:52:01;14;17
902;0;2.9926037895663544;18-01-2021 10:02:32;;;;52;53
903;2;1.656710170177534;06-02-2021 02:33:00;26-03-2021 04:03:56;05-04-2021 01:44:01;29-05-2021 17:44:01;9;49
904;2;3.0308820324271433;09-02-2021 06:15:34;21-03-2021 23:40:37;03-04-2021 03:08:34;24-05-2021 12:09:26;17;79
905;1;0.2843086140086225;19-02-2021 02:30:52;19-03-2021 05:41:02;27-04-2021 05:52:22;12-05-2021 18:43:40;8;39
906;2;1.2207163677327733;17-01-2021 13:06:34;12-03-2021 02:23:05;13-04-2021 08:49:53;19-05-2021 02:23:09;86;49
907;2;1.4426835609429294;17-01-2021 19:56:48;21-03-2021 18:59:14;14-04-2021 18:35:12;05-05-2021 03:01:21;52;84
908;2;2.056196924149292;11-02-2021 00:34:02;28-03-2021 11:01:39;24-04-2021 19:05:08;14-05-2021 16:33:04;64;60
909;0;0.20655588301781186;20-01-2021 02:10:57;;;;79;40
910;2;1.4762148057787892;19-01-2021 11:41:15;28-03-2021 09:52:56;23-04-2021 11:01:51;09-05-2021 09:05:27;80;10
911;-1;1.811028906167061;27-01-2021 14:50:15;17-03-2021 22:06:45;28-04-2021 19:49:06;14-05-2021 05:07:49;79;17
912;1;0.5831271468967185;11-01-2021 08:23:11;11-03-2021 02:03:26;23-04-2021 01:59:07;07-05-2021 18:01:41;95;57
913;1;0.6703724214357789;22-01-2021 23:14:35;06-03-2021 07:24:27;24-04-2021 01:17:25;17-05-2021 10:03:51;12;56
914;0;1.7930227068032465;10-02-2021 13:47:14;;;;82;39
915;2;1.6479131808200103;16-01-2021 10:47:39;07-03-2021 09:39:13;19-04-2021 05:43:31;23-05-2021 05:31:17;65;68
916;2;2.621628563218402;05-01-2021 13:03:25;06-03-2021 06:57:23;19-04-2021 17:13:10;30-05-2021 01:33:15;2;90
917;0;1.0565315084032363;26-02-2021 05:00:10;;;;4;25
918;2;2.1167027858442817;06-01-2021 21:59:33;29-03-2021 19:59:28;22-04-2021 02:32:18;19-05-2021 09:21:29;28;69
919;-1;1.005717575681861;27-01-2021 19:06:52;11-03-2021 23:35:36;12-04-2021 13:47:03;13-05-2021 13:45:32;41;96
920;0;1.1469427521756066;07-02-2021 06:46:20;;;;4;95
921;-1;2.8623565000091076;27-02-2021 09:29:31;26-03-2021 11:26:44;25-04-2021 21:57:50;21-05-2021 13:44:27;51;66
922;-1;2.368925617372005;04-02-2021 16:08:24;19-03-2021 22:28:43;09-04-2021 12:49:24;27-05-2021 18:48:45;80;78
923;1;1.6342768984287777;20-01-2021 16:16:17;11-03-2021 01:31:43;30-04-2021 07:13:35;20-05-2021 04:11:41;83;33
924;1;0.794529431816911;18-01-2021 18:27:19;09-03-2021 23:40:10;29-04-2021 00:18:35;06-05-2021 18:52:41;67;75
925;1;1.8439809882540652;17-02-2021 15:28:28;31-03-2021 14:26:37;06-04-2021 09:36:02;19-05-2021 00:50:50;24;75
926;-1;1.3937095100043875;30-01-2021 20:57:17;24-03-2021 06:33:38;03-04-2021 19:10:29;06-05-2021 17:20:00;23;23
927;2;1.6167091756994023;07-01-2021 07:27:29;17-03-2021 21:00:57;17-04-2021 16:50:47;02-05-2021 02:16:11;76;7
928;1;1.437176357812997;11-02-2021 21:46:44;30-03-2021 11:59:41;24-04-2021 13:28:40;25-05-2021 09:31:08;30;16
929;1;0.24605162052276255;25-01-2021 12:20:09;11-03-2021 00:08:35;18-04-2021 08:02:52;29-05-2021 15:14:44;10;35
930;-1;0.2834932389412593;17-01-2021 23:50:59;25-03-2021 06:00:41;04-04-2021 16:11:01;23-05-2021 13:59:58;7;18
931;0;2.1880703796004943;05-02-2021 06:42:38;;;;67;64
932;2;1.3189799483375226;08-02-2021 23:03:36;04-03-2021 22:48:49;30-04-2021 02:45:22;25-05-2021 09:41:53;35;24
933;0;2.263801712449407;28-01-2021 03:35:04;;;;64;59
934;-1;1.8482564777624004;13-01-2021 07:35:49;05-03-2021 21:54:46;27-04-2021 05:12:30;21-05-2021 22:15:57;62;37
935;1;3.116800247582546;26-01-2021 11:56:28;26-03-2021 18:19:49;20-04-2021 05:54:46;30-05-2021 23:48:29;86;63
936;0;0.3338050006077169;27-01-2021 01:11:13;;;;53;1
937;-1;1.329750979993972;23-01-2021 19:33:50;28-03-2021 01:28:38;24-04-2021 17:49:43;07-05-2021 01:45:32;71;11
938;-1;2.1713986058846007;03-02-2021 21:16:30;17-03-2021 00:54:35;05-04-2021 07:00:25;17-05-2021 04:03:24;6;12
939;0;1.49654465710293;01-02-2021 03:16:27;;;;73;87
940;1;0.9279412952709793;25-02-2021 07:23:35;05-03-2021 04:36:47;24-04-2021 17:07:03;31-05-2021 12:28:00;64;63
941;0;2.3572251713650765;12-02-2021 21:01:48;;;;83;65
942;0;2.1756332858389515;25-01-2021 14:12:32;;;;52;55
943;-1;1.5233956341646775;21-01-2021 06:56:54;07-03-2021 22:45:22;16-04-2021 08:29:58;05-05-2021 00:39:20;96;62
944;-1;2.8392469335598274;19-02-2021 17:11:48;10-03-2021 07:44:58;26-04-2021 16:34:41;20-05-2021 13:16:13;100;28
945;1;1.548425189133291;03-02-2021 07:52:59;12-03-2021 23:37:21;17-04-2021 08:00:42;23-05-2021 19:02:12;22;7
946;0;2.908925547283762;11-01-2021 03:42:43;;;;82;52
947;1;2.9395075696762336;19-01-2021 15:29:04;08-03-2021 13:39:33;27-04-2021 10:31:23;19-05-2021 16:35:39;42;52
948;2;2.072322824088982;04-02-2021 21:44:09;05-03-2021 17:29:15;10-04-2021 11:38:28;05-05-2021 19:11:25;58;41
949;-1;1.198197029457505;24-02-2021 06:01:19;02-03-2021 09:55:50;15-04-2021 13:46:37;29-05-2021 17:05:07;5;95
950;0;3.1078516908014446;26-01-2021 23:15:32;;;;1;79
951;0;0.5048343940136794;12-02-2021 12:09:37;;;;28;68
952;0;0.43489663645971427;27-02-2021 14:21:04;;;;27;12
953;-1;0.15076520993264605;01-03-2021 07:12:10;02-03-2021 11:54:08;25-04-2021 14:24:09;12-05-2021 05:33:50;85;60
954;-1;2.5151211696053055;03-02-2021 08:17:46;04-03-2021 10:29:18;30-04-2021 21:46:32;11-05-2021 05:42:58;22;77
955;2;1.2835780836966069;26-02-2021 13:11:48;25-03-2021 19:33:23;23-04-2021 11:35:25;11-05-2021 20:48:52;76;34
956;2;2.8092939078159382;03-01-2021 15:30:56;17-03-2021 08:45:15;12-04-2021 10:15:23;16-05-2021 03:54:23;17;35
957;-1;0.9629306960355429;03-01-2021 07:58:28;02-03-2021 10:21:49;30-04-2021 13:42:18;19-05-2021 01:30:35;10;45
958;2;2.522627593074454;31-01-2021 16:08:20;14-03-2021 10:08:51;27-04-2021 11:56:38;19-05-2021 08:46:58;83;11
959;1;1.403265745559118;08-02-2021 22:17:43;31-03-2021 19:53:24;14-04-2021 03:21:47;16-05-2021 19:36:44;38;64
960;0;2.0542159308856522;18-02-2021 17:09:28;;;;24;37
961;2;2.83387906062011;23-01-2021 19:37:43;12-03-2021 09:03:41;14-04-2021 04:50:54;07-05-2021 00:23:48;88;1
962;0;1.5476718994497058;10-01-2021 21:39:15;;;;94;36
963;-1;0.34060447165664937;17-01-2021 00:29:43;12-03-2021 08:55:59;22-04-2021 05:01:07;21-05-2021 00:28:18;61;48
964;-1;0.14895394605813647;15-02-2021 23:13:56;03-03-2021 10:53:57;27-04-2021 12:16:04;05-05-2021 23:57:49;10;52
965;-1;1.5061029287930785;28-02-2021 05:29:54;27-03-2021 00:25:23;09-04-2021 21:15:56;18-05-2021 16:07:31;63;72
966;1;0.22126998543049795;29-01-2021 03:14:06;30-03-2021 17:22:51;02-04-2021 10:43:36;21-05-2021 06:18:47;84;6
967;2;1.902372491346515;20-02-2021 08:01:51;07-03-2021 02:17:02;22-04-2021 19:45:13;12-05-2021 18:11:37;10;13
968;-1;2.7407674745050676;07-02-2021 13:00:36;28-03-2021 17:29:48;27-04-2021 01:11:59;29-05-2021 15:18:53;40;97
969;0;2.4148749688734212;29-01-2021 07:18:28;;;;13;51
970;2;1.1627792403856607;14-01-2021 13:01:27;24-03-2021 10:58:24;22-04-2021 15:54:34;14-05-2021 22:47:04;73;23
971;0;0.5631914333738425;26-02-2021 05:03:01;;;;6;70
972;1;1.8872084935941271;14-01-2021 15:46:11;26-03-2021 12:21:19;14-04-2021 18:09:50;26-05-2021 15:37:00;51;4
973;2;1.6771028864234596;13-02-2021 21:17:06;09-03-2021 10:00:36;12-04-2021 14:49:16;31-05-2021 04:47:58;6;88
974;1;0.9450082001574278;09-01-2021 02:14:08;09-03-2021 07:05:01;17-04-2021 04:35:37;06-05-2021 09:55:22;54;73
975;-1;1.9748922628322017;23-02-2021 16:39:22;19-03-2021 04:34:29;18-04-2021 05:22:41;11-05-2021 12:29:10;36;30
976;1;2.1292955509858014;28-02-2021 11:27:46;26-03-2021 07:59:24;10-04-2021 05:35:36;12-05-2021 22:22:17;14;8
977;0;1.9859546552672298;06-02-2021 22:04:16;;;;51;95
978;1;2.9952508162927636;19-01-2021 02:35:49;24-03-2021 22:46:45;28-04-2021 02:28:27;17-05-2021 20:54:19;78;64
979;-1;0.2828415708776057;02-02-2021 19:57:21;07-03-2021 11:23:56;20-04-2021 00:02:41;31-05-2021 00:07:53;36;21
980;0;2.4714085777228516;03-02-2021 19:09:52;;;;92;10
981;0;1.5685710945057916;06-02-2021 07:32:09;;;;49;33
982;2;1.6570642105063342;19-02-2021 06:47:49;22-03-2021 19:29:26;13-04-2021 10:51:50;31-05-2021 21:05:47;97;3
983;0;2.3357932666402617;21-02-2021 06:46:37;;;;56;36
984;0;1.5125165807136718;29-01-2021 21:08:29;;;;84;12
985;0;2.71197528307604;06-01-2021 19:31:17;;;;72;63
986;2;2.3722726707815367;09-02-2021 11:39:28;05-03-2021 09:30:17;26-04-2021 04:58:46;31-05-2021 20:45:04;39;17
987;0;1.2943146202095284;18-01-2021 11:47:10;;;;41;84
988;2;0.055388169055130526;26-01-2021 05:39:59;21-03-2021 00:55:37;08-04-2021 03:22:34;03-05-2021 06:45:31;59;6
989;0;1.7195629368384433;19-02-2021 02:12:06;;;;57;58
990;0;1.8116691118634773;26-01-2021 10:00:28;;;;44;99
991;2;0.3369139290859749;07-02-2021 21:46:12;16-03-2021 02:42:06;23-04-2021 00:12:33;09-05-2021 12:16:34;43;93
992;2;1.1964143043866216;17-02-2021 01:16:13;30-03-2021 18:03:39;15-04-2021 09:52:49;23-05-2021 12:45:54;65;29
993;1;2.09673471639386;05-01-2021 04:58:06;06-03-2021 20:45:27;12-04-2021 22:00:29;24-05-2021 05:22:41;34;91
994;0;1.521862143230012;08-01-2021 12:18:42;;;;24;51
995;0;1.2037876675067514;20-02-2021 18:07:14;;;;69;9
996;-1;1.0885417248928222;25-02-2021 00:06:04;08-03-2021 20:56:58;23-04-2021 12:23:29;29-05-2021 14:26:48;93;82
997;2;1.0310918565875504;19-02-2021 17:45:15;23-03-2021 07:14:13;17-04-2021 00:07:51;03-05-2021 14:50:44;25;9
998;-1;3.0922002837617657;04-02-2021 18:59:29;08-03-2021 13:03:42;04-04-2021 09:22:29;27-05-2021 04:56:45;45;52
999;0;0.10765733239611786;31-01-2021 07:56:19;;;;4;95
1000;1;0.4251923632868699;18-02-2021 15:45:31;20-03-2021 10:18:20;07-04-2021 15:00:34;29-05-2021 06:22:28;65;62
